"","SNP","effect_allele.exposure","other_allele.exposure","effect_allele.outcome","other_allele.outcome","beta.exposure","beta.outcome","eaf.exposure","eaf.outcome","remove","palindromic","ambiguous","id.outcome","V1","pval.outcome","se.outcome","outcome","Chr.position","se.exposure","pval.exposure","samplesize.exposure","exposure","id.exposure","R2","F_value","action","SNP_index","mr_keep","samplesize.outcome"
"1","rs10119187","T","C","T","C",0.048,-0.0199664,0.81,0.8544,FALSE,FALSE,FALSE,"delirium",11320118,0.570885,0.0352296,"delirium","9:4,223,660",0.008,8e-10,56936,"FT4","FT4",0.00063188934915397,35.9987354222285,2,1,TRUE,NA
"2","rs10818937","T","C","T","C",-0.039,-0.0215502,0.32,0.331568,FALSE,FALSE,FALSE,"delirium",12065198,0.415056,0.0264411,"delirium","9:127,015,440",0.006,4.9e-11,63971,"FT4","FT4",0.000660019605316087,42.2486790889622,2,1,TRUE,NA
"3","rs10946313","T","C","T","C",0.044,0.000682916,0.63,0.567223,FALSE,FALSE,FALSE,"delirium",7782777,0.978237,0.0250344,"delirium","6:19,381,386",0.006,6.2e-12,55096,"FT4","FT4",0.00097512229322975,53.7758256296081,2,1,TRUE,NA
"4","rs11039355","T","C","T","C",-0.039,-0.0441265,0.34,0.349905,FALSE,FALSE,FALSE,"delirium",13571218,0.0905295,0.02607,"delirium","11:47,737,501",0.006,7.9e-11,62677,"FT4","FT4",0.00067363688181858,42.2486518180513,2,1,TRUE,NA
"5","rs11078333","A","T","A","T",0.042,-0.0154951,0.51,0.565542,FALSE,TRUE,TRUE,"delirium",17975240,0.536699,0.0250806,"delirium","17:16,049,626",0.006,2e-12,62677,"FT4","FT4",0.000781175270222874,48.9984364280358,2,1,FALSE,NA
"6","rs11626434","C","G","C","G",0.053,0.000877125,0.36,0.460786,FALSE,TRUE,TRUE,"delirium",16543393,0.971894,0.0248955,"delirium","14:101,998,443",0.007,1.7e-16,55095,"FT4","FT4",0.00103942180173353,57.3244496055977,2,1,FALSE,NA
"7","rs12907106","C","G","C","G",-0.039,-0.0029492,0.27,0.339855,FALSE,TRUE,FALSE,"delirium",16894535,0.910462,0.0262255,"delirium","15:63,873,658",0.007,3.7e-08,53801,"FT4","FT4",0.00057662343570516,31.0396624142864,2,1,TRUE,NA
"8","rs17185536","T","C","T","C",0.071,0.00184826,0.24,0.204727,FALSE,FALSE,FALSE,"delirium",8423427,0.952413,0.0309712,"delirium","6:100,620,931",0.008,2.7e-20,53801,"FT4","FT4",0.00146187764713388,78.7626969642758,2,1,TRUE,NA
"9","rs225014","T","C","T","C",0.047,-0.0236869,0.64,0.719123,FALSE,FALSE,FALSE,"delirium",16377127,0.393799,0.0277772,"delirium","14:80,669,580",0.006,4.6e-17,63971,"FT4","FT4",0.000958282812727071,61.3591927071121,2,1,TRUE,NA
"10","rs4149056","T","C","T","C",-0.048,0.0362285,0.84,0.798195,FALSE,FALSE,FALSE,"delirium",14364714,0.240947,0.0308953,"delirium","12:21,331,549",0.007,6.3e-11,67091,"FT4","FT4",0.000700354402429597,47.0190064727803,2,1,TRUE,NA
"11","rs4954192","T","C","T","C",-0.033,0.0736966,0.43,0.40599,FALSE,FALSE,FALSE,"delirium",2603007,0.00319507,0.0249961,"delirium","2:135,632,98",0.006,9.3e-09,62680,"FT4","FT4",0.000482377282820591,30.2490347798341,2,1,TRUE,NA
"12","rs56069042","A","G","A","G",0.099,0.0659593,0.95,0.9576674,FALSE,FALSE,FALSE,"delirium",18827335,0.284203,0.0615909,"delirium","18:57,914,644",0.017,3.6e-09,58197,"FT4","FT4",0.00058239675070032,33.9123293374199,2,1,TRUE,NA
"13","rs67583169","C","G","C","G",0.062,-0.00122085,0.86,0.781135,FALSE,TRUE,FALSE,"delirium",10665184,0.967546,0.0300062,"delirium","8:61,212,179",0.009,7.1e-12,53801,"FT4","FT4",0.000881302695607816,47.4550259633065,2,1,TRUE,NA
"14","rs6785807","A","G","A","G",-0.057,0.000903431,0.15,0.262827,FALSE,FALSE,FALSE,"delirium",4713009,0.974426,0.0281817,"delirium","3:181,718,601",0.009,6.9e-11,55096,"FT4","FT4",0.000727492568895159,40.1096550667118,2,1,TRUE,NA
"15","rs8063103","C","G","C","G",-0.051,0.00411457,0.85,0.892396,FALSE,TRUE,FALSE,"delirium",17314920,0.91826,0.0400931,"delirium","16:12,703,395",0.009,7.8e-09,53801,"FT4","FT4",0.000596493690376431,32.1099174116962,2,1,TRUE,NA
"16","rs9356988","A","G","A","G",-0.052,0.0246189,0.27,0.375507,FALSE,FALSE,FALSE,"delirium",7836075,0.336433,0.0256117,"delirium","6:25,777,481",0.007,5.7e-14,55096,"FT4","FT4",0.00100058910423593,55.1816702868166,2,1,TRUE,NA
