"","V1","SNP","effect_allele.exposure","other_allele.exposure","effect_allele.outcome","other_allele.outcome","beta.exposure","beta.outcome","eaf.exposure","eaf.outcome","remove","palindromic","ambiguous","id.outcome","outcome","V1","pval.outcome","se.outcome","X","pos.exposure","samplesize.exposure","se.exposure","chr.exposure","pval.exposure","id.exposure","exposure","mr_keep.exposure","pval_origin.exposure","data_source.exposure","R2","F_value","action","mr_keep","samplesize.outcome"
"1",1,"rs10181656","C","G","C","G",-0.00202192,-0.0248513,0.774127,0.767367,FALSE,TRUE,FALSE,"delirium","delirium",2998873,0.398002,0.029403,2,191969879,337159,0.000311691,2,8.77e-11,"ukb-a-158","Treatment/medication code: thyroxine product || id:ukb-a-158",TRUE,"reported","igd",0.000124793,42.080107,2,TRUE,NA
"2",2,"rs2030520","T","C","T","C",0.00190495,0.03379,0.5182,0.581935,FALSE,FALSE,FALSE,"delirium","delirium",4757697,0.179097,0.02515,4,188119582,337159,0.000260928,3,2.87e-13,"ukb-a-158","Treatment/medication code: thyroxine product || id:ukb-a-158",TRUE,"reported","igd",0.00015806,53.29950983,2,TRUE,NA
"3",3,"rs231779","T","C","T","C",0.00202093,-0.00867079,0.378965,0.503701,FALSE,FALSE,FALSE,"delirium","delirium",3080670,0.727343,0.0248687,3,204734487,337159,0.000268428,2,5.14e-14,"ukb-a-158","Treatment/medication code: thyroxine product || id:ukb-a-158",TRUE,"reported","igd",0.000168089,56.6818915,2,TRUE,NA
"4",4,"rs3130552","A","G","A","G",0.00315938,0.00654439,0.3585,0.302727,FALSE,FALSE,FALSE,"delirium","delirium",1,0.808795,0.027045,6,31082127,337159,0.000271401,6,2.59e-31,"ukb-a-158","Treatment/medication code: thyroxine product || id:ukb-a-158",TRUE,"reported","igd",0.000401765,135.5121594,2,TRUE,NA
"5",5,"rs4297160","A","G","A","G",0.00199043,0.0287617,0.565146,0.563706,FALSE,FALSE,FALSE,"delirium","delirium",11870170,0.250841,0.025047,9,100585506,337159,0.000263486,9,4.22e-14,"ukb-a-158","Treatment/medication code: thyroxine product || id:ukb-a-158",TRUE,"reported","igd",0.000169227,57.06583186,2,TRUE,NA
"6",6,"rs6679677","A","C","A","C",0.00539593,-0.0374981,0.102573,0.146522,FALSE,FALSE,FALSE,"delirium","delirium",809311,0.288166,0.0353038,1,114303808,337159,0.000428536,1,2.39e-36,"ukb-a-158","Treatment/medication code: thyroxine product || id:ukb-a-158",TRUE,"reported","igd",0.000470023,158.5460457,2,TRUE,NA
"7",7,"rs7137828","T","C","T","C",-0.00203052,-0.0227796,0.516496,0.58629,FALSE,FALSE,FALSE,"delirium","delirium",15008484,0.366254,0.0252122,10,111932800,337159,0.000260826,12,6.99e-15,"ukb-a-158","Treatment/medication code: thyroxine product || id:ukb-a-158",TRUE,"reported","igd",0.000179721,60.60524407,2,TRUE,NA
"8",8,"rs9277488","T","G","T","G",-0.00158119,-0.0648764,0.30524,0.254924,FALSE,FALSE,FALSE,"delirium","delirium",7920178,0.0232659,0.028592,8,33053906,337159,0.000285824,6,3.17e-08,"ukb-a-158","Treatment/medication code: thyroxine product || id:ukb-a-158",TRUE,"reported","igd",9.08e-05,30.60329273,2,TRUE,NA
"9",9,"rs9307849","T","C","T","C",-0.00175696,0.0676636,0.212738,0.123705,FALSE,FALSE,FALSE,"delirium","delirium",5971238,0.0749911,0.0380021,5,149639378,337159,0.000318086,4,3.33e-08,"ukb-a-158","Treatment/medication code: thyroxine product || id:ukb-a-158",TRUE,"reported","igd",9.05e-05,30.5092873,2,TRUE,NA
