"","V1","SNP","effect_allele.exposure","other_allele.exposure","effect_allele.outcome","other_allele.outcome","beta.exposure","beta.outcome","eaf.exposure","eaf.outcome","remove","palindromic","ambiguous","id.outcome","V1","pval.outcome","se.outcome","X","se.exposure","pval.exposure","samplesize.exposure","chr.exposure","pos.exposure","id.exposure","exposure","mr_keep.exposure","pval_origin.exposure","data_source.exposure","R2","F_value","action","mr_keep","samplesize.outcome","outcome"
"1",1,"rs10036386","T","C","T","C",0.0032141,0.0392398,0.381915,0.418364,FALSE,FALSE,FALSE,"delirium",6857317,0.118703,0.0251498,24,0.00053396,1.75287e-09,337159,5,76543603,"ukb-a-77","Non-cancer illness code  self-reported: hypothyroidism/myxoedema || id:ukb-a-77",TRUE,"reported","igd",0.000107453333947735,36.2325370207166,2,TRUE,NA,"delirium"
"2",2,"rs1032129","C","A","C","A",-0.00302426,-0.0484449,0.35438,0.408071,FALSE,FALSE,FALSE,"delirium",11072376,0.0547608,0.0252217,43,0.000543772,2.67467e-08,337159,8,119951900,"ukb-a-77","Non-cancer illness code  self-reported: hypothyroidism/myxoedema || id:ukb-a-77",TRUE,"reported","igd",9.17339237727304e-05,30.9315720119116,2,TRUE,NA,"delirium"
"3",3,"rs10424978","A","C","A","C",-0.0041633,-0.0156132,0.59984,0.598576,FALSE,FALSE,FALSE,"delirium",19039271,0.539344,0.0254367,78,0.00053505,7.20775e-15,337159,19,4837557,"ukb-a-77","Non-cancer illness code  self-reported: hypothyroidism/myxoedema || id:ukb-a-77",TRUE,"reported","igd",0.000179545256861871,60.5458108809442,2,TRUE,NA,"delirium"
"4",4,"rs1045853","C","A","C","A",-0.00337461,-0.0134871,0.656897,0.598009,FALSE,FALSE,FALSE,"delirium",16577503,0.61747,0.0270044,67,0.000553686,1.09688e-09,337159,14,106208086,"ukb-a-77","Non-cancer illness code  self-reported: hypothyroidism/myxoedema || id:ukb-a-77",TRUE,"reported","igd",0.000110163440340451,37.1464672374928,2,TRUE,NA,"delirium"
"5",5,"rs1088898","T","G","T","G",0.00338586,-0.0278134,0.768046,0.697693,FALSE,FALSE,FALSE,"delirium",17916817,0.303146,0.0270109,73,0.00061771,4.22484e-08,337159,17,8876505,"ukb-a-77","Non-cancer illness code  self-reported: hypothyroidism/myxoedema || id:ukb-a-77",TRUE,"reported","igd",8.91036045841028e-05,30.0445810912358,2,TRUE,NA,"delirium"
"6",6,"rs10956412","C","A","C","A",-0.00508727,0.0935187,0.163144,0.0947934,FALSE,FALSE,FALSE,"delirium",11140728,0.0281326,0.0425969,46,0.000706129,5.83983e-13,337159,8,129162497,"ukb-a-77","Non-cancer illness code  self-reported: hypothyroidism/myxoedema || id:ukb-a-77",TRUE,"reported","igd",0.00015392170673701,51.9037699951938,2,TRUE,NA,"delirium"
"7",7,"rs11052877","G","A","G","A",-0.00576124,0.0279489,0.371466,0.410756,FALSE,FALSE,FALSE,"delirium",14277451,0.267736,0.025218,61,0.000537973,9.31322e-27,337159,12,9905690,"ukb-a-77","Non-cancer illness code  self-reported: hypothyroidism/myxoedema || id:ukb-a-77",TRUE,"reported","igd",0.000340038832284341,114.685470089821,2,TRUE,NA,"delirium"
"8",8,"rs111618453","A","G","A","G",0.00577379,-0.0207482,0.272172,0.29603,FALSE,FALSE,FALSE,"delirium",15233635,0.446224,0.0272385,65,0.000583397,4.32713e-23,337159,13,24775726,"ukb-a-77","Non-cancer illness code  self-reported: hypothyroidism/myxoedema || id:ukb-a-77",TRUE,"reported","igd",0.000290424118579312,97.9469707104812,2,TRUE,NA,"delirium"
"9",9,"rs11258303","A","C","A","C",0.00371265,0.0367821,0.746995,0.655057,FALSE,FALSE,FALSE,"delirium",12233949,0.159835,0.0261677,51,0.000598646,5.59062e-10,337159,10,6405534,"ukb-a-77","Non-cancer illness code  self-reported: hypothyroidism/myxoedema || id:ukb-a-77",TRUE,"reported","igd",0.000114062674817006,38.4614162652938,2,TRUE,NA,"delirium"
"10",10,"rs113229608","A","C","A","C",0.00647516,0.0599969,0.0640675,0.0376918,FALSE,FALSE,FALSE,"delirium",4277303,0.361305,0.0657225,13,0.00106425,1.17171e-09,337159,3,121743159,"ukb-a-77","Non-cancer illness code  self-reported: hypothyroidism/myxoedema || id:ukb-a-77",TRUE,"reported","igd",0.000109782029037333,37.0178434581054,2,TRUE,NA,"delirium"
"11",11,"rs11571297","C","T","C","T",-0.00859242,-0.0211914,0.4907,0.37144,FALSE,FALSE,FALSE,"delirium",3080715,0.410013,0.0257218,9,0.000521363,5.33703e-61,337159,2,204745003,"ukb-a-77","Non-cancer illness code  self-reported: hypothyroidism/myxoedema || id:ukb-a-77",TRUE,"reported","igd",0.000804944801061954,271.611406481202,2,TRUE,NA,"delirium"
"12",12,"rs11675342","T","C","T","C",0.00461109,-0.0082103,0.422209,0.440911,FALSE,FALSE,FALSE,"delirium",1629303,0.743736,0.0251149,7,0.000525295,1.67032e-18,337159,2,1407628,"ukb-a-77","Non-cancer illness code  self-reported: hypothyroidism/myxoedema || id:ukb-a-77",TRUE,"reported","igd",0.000228489719028363,77.0545143627824,2,TRUE,NA,"delirium"
"13",13,"rs11706511","G","A","G","A",0.00465932,0.0412843,0.126089,0.143336,FALSE,FALSE,FALSE,"delirium",3692856,0.243549,0.0354019,14,0.000781286,2.46894e-09,337159,3,39344438,"ukb-a-77","Non-cancer illness code  self-reported: hypothyroidism/myxoedema || id:ukb-a-77",TRUE,"reported","igd",0.000105473759615783,35.5649675416156,2,TRUE,NA,"delirium"
"14",14,"rs11783023","T","C","T","C",-0.00329795,0.0229248,0.720606,0.632508,FALSE,FALSE,FALSE,"delirium",11242097,0.37244,0.0257029,47,0.000576457,1.05947e-08,337159,8,141639262,"ukb-a-77","Non-cancer illness code  self-reported: hypothyroidism/myxoedema || id:ukb-a-77",TRUE,"reported","igd",9.70682911842371e-05,32.7304309378047,2,TRUE,NA,"delirium"
"15",15,"rs12117927","A","C","A","C",0.0032687,0.0588602,0.493528,0.40533,FALSE,FALSE,FALSE,"delirium",1513970,0.0218172,0.0256636,3,0.000532232,8.18446e-10,337159,1,236629134,"ukb-a-77","Non-cancer illness code  self-reported: hypothyroidism/myxoedema || id:ukb-a-77",TRUE,"reported","igd",0.000111857426172989,37.7177332447684,2,TRUE,NA,"delirium"
"16",16,"rs12582330","T","G","T","G",-0.00416475,-0.016165,0.728871,0.676032,FALSE,FALSE,FALSE,"delirium",14951185,0.544059,0.0266447,62,0.00058512,1.09901e-12,337159,12,103892941,"ukb-a-77","Non-cancer illness code  self-reported: hypothyroidism/myxoedema || id:ukb-a-77",TRUE,"reported","igd",0.000150240830980854,50.6623594059886,2,TRUE,NA,"delirium"
"17",17,"rs12980063","G","A","G","A",-0.00339664,-0.0469133,0.391004,0.357454,FALSE,FALSE,FALSE,"delirium",19378053,0.0705586,0.0259433,79,0.000532123,1.73656e-10,337159,19,50196992,"ukb-a-77","Non-cancer illness code  self-reported: hypothyroidism/myxoedema || id:ukb-a-77",TRUE,"reported","igd",0.000120833607068163,40.7448198018268,2,TRUE,NA,"delirium"
"18",18,"rs13090803","T","G","T","G",0.0050706,-0.0389395,0.212032,0.139993,FALSE,FALSE,FALSE,"delirium",4165308,0.277118,0.0358289,17,0.00063893,2.09315e-15,337159,3,105934953,"ukb-a-77","Non-cancer illness code  self-reported: hypothyroidism/myxoedema || id:ukb-a-77",TRUE,"reported","igd",0.000186765333580177,62.9810022417845,2,TRUE,NA,"delirium"
"19",19,"rs13145888","C","T","C","T",-0.00601133,0.0676014,0.212492,0.123706,FALSE,FALSE,FALSE,"delirium",5971209,0.0752541,0.0380016,23,0.000633817,2.45414e-21,337159,4,149634572,"ukb-a-77","Non-cancer illness code  self-reported: hypothyroidism/myxoedema || id:ukb-a-77",TRUE,"reported","igd",0.000266724410013784,89.9519942996265,2,TRUE,NA,"delirium"
"20",20,"rs13333582","C","T","C","T",0.00722053,-0.0435704,0.0427567,0.0385246,FALSE,FALSE,FALSE,"delirium",17617476,0.499712,0.0645542,71,0.00128242,1.79945e-08,337159,16,67549547,"ukb-a-77","Non-cancer illness code  self-reported: hypothyroidism/myxoedema || id:ukb-a-77",TRUE,"reported","igd",9.40160496135518e-05,31.7011496564152,2,TRUE,NA,"delirium"
"21",21,"rs13399762","G","A","G","A",0.00672799,-0.0119333,0.0541387,0.0367797,FALSE,FALSE,FALSE,"delirium",2062365,0.857682,0.0665453,11,0.00114529,4.24571e-09,337159,2,55880308,"ukb-a-77","Non-cancer illness code  self-reported: hypothyroidism/myxoedema || id:ukb-a-77",TRUE,"reported","igd",0.000102343562540471,34.5093803283815,2,TRUE,NA,"delirium"
"22",22,"rs142997491","G","A","G","A",0.0150304,0.167018,0.0121946,0.0224976,FALSE,FALSE,FALSE,"delirium",17493425,0.0483148,0.0845838,70,0.00238237,2.81158e-10,337159,16,50729820,"ukb-a-77","Non-cancer illness code  self-reported: hypothyroidism/myxoedema || id:ukb-a-77",TRUE,"reported","igd",0.000118042018902498,39.8033914397944,2,TRUE,NA,"delirium"
"23",23,"rs1534430","T","C","T","C",-0.00402779,-0.0111211,0.389593,0.417885,FALSE,FALSE,FALSE,"delirium",1718828,0.658575,0.0251676,12,0.000532667,3.99301e-14,337159,2,12644736,"ukb-a-77","Non-cancer illness code  self-reported: hypothyroidism/myxoedema || id:ukb-a-77",TRUE,"reported","igd",0.000169556191848062,57.1767516471887,2,TRUE,NA,"delirium"
"24",24,"rs1549142","T","C","T","C",0.0040914,0.0292693,0.228817,0.240645,FALSE,FALSE,FALSE,"delirium",19148468,0.314773,0.0291162,77,0.000619147,3.89852e-11,337159,19,18383794,"ukb-a-77","Non-cancer illness code  self-reported: hypothyroidism/myxoedema || id:ukb-a-77",TRUE,"reported","igd",0.000129498677879163,43.6670405617248,2,TRUE,NA,"delirium"
"25",25,"rs16903097","G","T","G","T",-0.00452308,0.00391688,0.130854,0.115466,FALSE,FALSE,FALSE,"delirium",11143924,0.919383,0.0386999,44,0.00076851,3.97173e-09,337159,8,129556356,"ukb-a-77","Non-cancer illness code  self-reported: hypothyroidism/myxoedema || id:ukb-a-77",TRUE,"reported","igd",0.000102728304134991,34.6391252558355,2,TRUE,NA,"delirium"
"26",26,"rs17020110","C","T","C","T",0.00413049,0.0137202,0.267645,0.226872,FALSE,FALSE,FALSE,"delirium",769784,0.643796,0.0296718,1,0.00058753,2.06538e-12,337159,1,108354156,"ukb-a-77","Non-cancer illness code  self-reported: hypothyroidism/myxoedema || id:ukb-a-77",TRUE,"reported","igd",0.00014656984874855,49.4242946058999,2,TRUE,NA,"delirium"
"27",27,"rs1790604","G","A","G","A",-0.00322907,0.0392068,0.536379,0.549024,FALSE,FALSE,FALSE,"delirium",18903064,0.116556,0.0249821,76,0.000520432,5.49022e-10,337159,18,67518031,"ukb-a-77","Non-cancer illness code  self-reported: hypothyroidism/myxoedema || id:ukb-a-77",TRUE,"reported","igd",0.00011416752669149,38.4967758784105,2,TRUE,NA,"delirium"
"28",28,"rs2111485","G","A","G","A",0.00380166,0.0137838,0.609397,0.582556,FALSE,FALSE,FALSE,"delirium",2794644,0.583699,0.0251534,10,0.000530651,7.84332e-13,337159,2,163110536,"ukb-a-77","Non-cancer illness code  self-reported: hypothyroidism/myxoedema || id:ukb-a-77",TRUE,"reported","igd",0.000152204575765414,51.3246499979189,2,TRUE,NA,"delirium"
"29",29,"rs2123340","A","G","A","G",-0.00373671,0.0181806,0.651292,0.649293,FALSE,FALSE,FALSE,"delirium",11480907,0.485311,0.0260547,49,0.000546057,7.76426e-12,337159,9,21589041,"ukb-a-77","Non-cancer illness code  self-reported: hypothyroidism/myxoedema || id:ukb-a-77",TRUE,"reported","igd",0.000138869783794535,46.8274226088675,2,TRUE,NA,"delirium"
"30",30,"rs221786","C","T","C","T",0.00494967,0.028722,0.886238,0.850055,FALSE,FALSE,FALSE,"delirium",9717515,0.406034,0.0345675,39,0.000819327,1.53186e-09,337159,7,100266081,"ukb-a-77","Non-cancer illness code  self-reported: hypothyroidism/myxoedema || id:ukb-a-77",TRUE,"reported","igd",0.000108232126711358,36.4951690953871,2,TRUE,NA,"delirium"
"31",31,"rs229540","G","T","G","T",0.00503721,0.0116107,0.423587,0.399285,FALSE,FALSE,FALSE,"delirium",20373379,0.646505,0.0253165,82,0.000525234,8.8308e-22,337159,22,37591290,"ukb-a-77","Non-cancer illness code  self-reported: hypothyroidism/myxoedema || id:ukb-a-77",TRUE,"reported","igd",0.000272722667128062,91.9754400682216,2,TRUE,NA,"delirium"
"32",32,"rs2412974","T","C","T","C",-0.00311955,0.00138719,0.358692,0.404735,FALSE,FALSE,FALSE,"delirium",20316214,0.956282,0.0253045,83,0.000540792,8.00627e-09,337159,22,30539821,"ukb-a-77","Non-cancer illness code  self-reported: hypothyroidism/myxoedema || id:ukb-a-77",TRUE,"reported","igd",9.86837780680516e-05,33.2752102855571,2,TRUE,NA,"delirium"
"33",33,"rs244672","T","C","T","C",-0.00462791,-0.0123498,0.877485,0.75807,FALSE,FALSE,FALSE,"delirium",7283159,0.671049,0.0290781,25,0.000790748,4.84485e-09,337159,5,133419283,"ukb-a-77","Non-cancer illness code  self-reported: hypothyroidism/myxoedema || id:ukb-a-77",TRUE,"reported","igd",0.000101581525177466,34.2524016954642,2,TRUE,NA,"delirium"
"34",34,"rs2523483","G","T","G","T",-0.00664685,0.111049,0.0874958,0.0117355,FALSE,FALSE,FALSE,"delirium",7894923,0.341308,0.116699,36,0.00091758,4.36918e-13,337159,6,31353792,"ukb-a-77","Non-cancer illness code  self-reported: hypothyroidism/myxoedema || id:ukb-a-77",TRUE,"reported","igd",0.000155611444764359,52.4736533834322,2,TRUE,NA,"delirium"
"35",35,"rs2736191","G","C","G","C",-0.00937316,0.0187664,0.0250312,0.0527812,FALSE,TRUE,FALSE,"delirium",7898264,0.737165,0.0559174,27,0.00165851,1.5914e-08,337159,6,31560910,"ukb-a-77","Non-cancer illness code  self-reported: hypothyroidism/myxoedema || id:ukb-a-77",TRUE,"reported","igd",9.47239881926936e-05,31.9398811600099,2,TRUE,NA,"delirium"
"36",36,"rs2745803","G","A","G","A",-0.00368215,-0.0308561,0.207698,0.151264,FALSE,FALSE,FALSE,"delirium",19597779,0.376424,0.0348852,80,0.000641164,9.31408e-09,337159,20,17859706,"ukb-a-77","Non-cancer illness code  self-reported: hypothyroidism/myxoedema || id:ukb-a-77",TRUE,"reported","igd",9.78109451719332e-05,32.9808707314723,2,TRUE,NA,"delirium"
"37",37,"rs28157","T","G","T","G",-0.00349175,-0.0155452,0.316822,0.3149,FALSE,FALSE,FALSE,"delirium",7040983,0.561321,0.0267613,26,0.000558853,4.16064e-10,337159,5,102595837,"ukb-a-77","Non-cancer illness code  self-reported: hypothyroidism/myxoedema || id:ukb-a-77",TRUE,"reported","igd",0.000115772675778516,39.0380875913149,2,TRUE,NA,"delirium"
"38",38,"rs2823272","A","T","A","T",-0.00355403,0.0164366,0.31568,0.256513,FALSE,TRUE,FALSE,"delirium",19950667,0.565381,0.028592,81,0.000558859,2.0275e-10,337159,21,16798586,"ukb-a-77","Non-cancer illness code  self-reported: hypothyroidism/myxoedema || id:ukb-a-77",TRUE,"reported","igd",0.0001199363512244,40.4422308633701,2,TRUE,NA,"delirium"
"39",39,"rs2921053","C","G","C","G",-0.00467491,-0.0376755,0.453459,0.498925,FALSE,TRUE,TRUE,"delirium",10250404,0.130679,0.0249271,42,0.000521912,3.34426e-19,337159,8,8319963,"ukb-a-77","Non-cancer illness code  self-reported: hypothyroidism/myxoedema || id:ukb-a-77",TRUE,"reported","igd",0.000237910632314921,80.2323231821422,2,FALSE,NA,"delirium"
"40",40,"rs3184504","C","T","C","T",-0.0099309,-0.0269766,0.517816,0.592257,FALSE,FALSE,FALSE,"delirium",15008227,0.285775,0.0252724,60,0.000518629,1.10382e-81,337159,12,111884608,"ukb-a-77","Non-cancer illness code  self-reported: hypothyroidism/myxoedema || id:ukb-a-77",TRUE,"reported","igd",0.00108631762901591,366.657899786475,2,TRUE,NA,"delirium"
"41",41,"rs3775291","T","C","T","C",-0.00403311,0.0263031,0.297729,0.316327,FALSE,FALSE,FALSE,"delirium",6264384,0.325397,0.0267463,20,0.000566167,1.0539e-12,337159,4,187004074,"ukb-a-77","Non-cancer illness code  self-reported: hypothyroidism/myxoedema || id:ukb-a-77",TRUE,"reported","igd",0.000150484203398404,50.7444388016455,2,TRUE,NA,"delirium"
"42",42,"rs3850765","C","T","C","T",0.00313025,-0.0118853,0.585106,0.707329,FALSE,FALSE,FALSE,"delirium",13100089,0.663593,0.0273251,53,0.000526496,2.76001e-09,337159,10,124139910,"ukb-a-77","Non-cancer illness code  self-reported: hypothyroidism/myxoedema || id:ukb-a-77",TRUE,"reported","igd",0.000104830488514146,35.348038568115,2,TRUE,NA,"delirium"
"43",43,"rs4081335","C","T","C","T",-0.0063816,0.0445844,0.0532964,0.0666091,FALSE,FALSE,FALSE,"delirium",4722,0.377457,0.0505153,4,0.00115775,3.5492e-08,337159,1,1140504,"ukb-a-77","Non-cancer illness code  self-reported: hypothyroidism/myxoedema || id:ukb-a-77",TRUE,"reported","igd",9.0106410049774e-05,30.3827445731926,2,TRUE,NA,"delirium"
"44",44,"rs4263621","A","G","A","G",0.00295553,-0.0120482,0.537567,0.503129,FALSE,FALSE,FALSE,"delirium",7630061,0.628125,0.0248741,29,0.000521765,1.47594e-08,337159,6,435471,"ukb-a-77","Non-cancer illness code  self-reported: hypothyroidism/myxoedema || id:ukb-a-77",TRUE,"reported","igd",9.51578830591304e-05,32.0861996333998,2,TRUE,NA,"delirium"
"45",45,"rs4276275","T","C","T","C",0.00340427,-0.0239667,0.472519,0.512599,FALSE,FALSE,FALSE,"delirium",4941533,0.334956,0.0248571,18,0.000519895,5.83983e-11,337159,4,10723685,"ukb-a-77","Non-cancer illness code  self-reported: hypothyroidism/myxoedema || id:ukb-a-77",TRUE,"reported","igd",0.000127153035182345,42.8759876949458,2,TRUE,NA,"delirium"
"46",46,"rs4409785","C","T","C","T",0.00647971,0.0305123,0.171755,0.166242,FALSE,FALSE,FALSE,"delirium",13902322,0.359747,0.0333159,59,0.00068747,4.30824e-21,337159,11,95311422,"ukb-a-77","Non-cancer illness code  self-reported: hypothyroidism/myxoedema || id:ukb-a-77",TRUE,"reported","igd",0.000263423466929039,88.838467976625,2,TRUE,NA,"delirium"
"47",47,"rs4444866","T","C","T","C",-0.00322868,-0.012687,0.278846,0.28739,FALSE,FALSE,FALSE,"delirium",5178187,0.644622,0.0275058,21,0.000581693,2.85089e-08,337159,4,40307533,"ukb-a-77","Non-cancer illness code  self-reported: hypothyroidism/myxoedema || id:ukb-a-77",TRUE,"reported","igd",9.13666902319248e-05,30.8077339792123,2,TRUE,NA,"delirium"
"48",48,"rs60600003","G","T","G","T",0.00500327,0.0358663,0.100946,0.102237,FALSE,FALSE,FALSE,"delirium",9272452,0.384018,0.0412012,40,0.000864647,7.1935e-09,337159,7,37382465,"ukb-a-77","Non-cancer illness code  self-reported: hypothyroidism/myxoedema || id:ukb-a-77",TRUE,"reported","igd",9.93007016681661e-05,33.4832515827102,2,TRUE,NA,"delirium"
"49",49,"rs61759532","T","C","T","C",0.00419164,0.013201,0.246518,0.189217,FALSE,FALSE,FALSE,"delirium",17904740,0.678285,0.0318246,74,0.000618829,1.25922e-11,337159,17,7240391,"ukb-a-77","Non-cancer illness code  self-reported: hypothyroidism/myxoedema || id:ukb-a-77",TRUE,"reported","igd",0.000136060726400111,45.8800688063714,2,TRUE,NA,"delirium"
"50",50,"rs62076510","G","T","G","T",0.00520033,0.0201471,0.163945,0.171299,FALSE,FALSE,FALSE,"delirium",18149562,0.539809,0.0328609,75,0.000714773,3.4586e-13,337159,17,45518583,"ukb-a-77","Non-cancer illness code  self-reported: hypothyroidism/myxoedema || id:ukb-a-77",TRUE,"reported","igd",0.000156972145748426,52.9325666826742,2,TRUE,NA,"delirium"
"51",51,"rs6426808","A","G","A","G",0.00327227,0.00955876,0.509924,0.526754,FALSE,FALSE,FALSE,"delirium",153363,0.700798,0.0248768,5,0.000520025,3.1273e-10,337159,1,19835415,"ukb-a-77","Non-cancer illness code  self-reported: hypothyroidism/myxoedema || id:ukb-a-77",TRUE,"reported","igd",0.000117425943593741,39.5956284182643,2,TRUE,NA,"delirium"
"52",52,"rs654537","A","G","A","G",0.00599281,-0.0124696,0.611191,0.511876,FALSE,FALSE,FALSE,"delirium",8350374,0.615412,0.0248218,35,0.000532298,2.13157e-29,337159,6,90990050,"ukb-a-77","Non-cancer illness code  self-reported: hypothyroidism/myxoedema || id:ukb-a-77",TRUE,"reported","igd",0.000375797039451285,126.750234793262,2,TRUE,NA,"delirium"
"53",53,"rs6584277","G","A","G","A",-0.0031819,-0.0189893,0.525655,0.540702,FALSE,FALSE,FALSE,"delirium",12936213,0.445013,0.0248631,57,0.000519066,8.79468e-10,337159,10,101278055,"ukb-a-77","Non-cancer illness code  self-reported: hypothyroidism/myxoedema || id:ukb-a-77",TRUE,"reported","igd",0.000111440930642765,37.5772774994983,2,TRUE,NA,"delirium"
"54",54,"rs66749983","T","A","T","A",0.00360186,-0.0378087,0.310435,0.347004,FALSE,TRUE,FALSE,"delirium",15371162,0.149242,0.0262157,64,0.000561314,1.39312e-10,337159,13,43063831,"ukb-a-77","Non-cancer illness code  self-reported: hypothyroidism/myxoedema || id:ukb-a-77",TRUE,"reported","igd",0.000122110811007695,41.1755426858326,2,TRUE,NA,"delirium"
"55",55,"rs6679677","A","C","A","C",0.0201022,-0.0374981,0.102573,0.146522,FALSE,FALSE,FALSE,"delirium",809311,0.288166,0.0353038,2,0.000852993,1.0666e-122,337159,1,114303808,"ukb-a-77","Non-cancer illness code  self-reported: hypothyroidism/myxoedema || id:ukb-a-77",TRUE,"reported","igd",0.00164454848267175,555.384389326925,2,TRUE,NA,"delirium"
"56",56,"rs6833591","G","A","G","A",-0.00317388,-0.0132466,0.347415,0.216993,FALSE,FALSE,FALSE,"delirium",5778549,0.661215,0.0302272,19,0.000545888,6.09916e-09,337159,4,123546282,"ukb-a-77","Non-cancer illness code  self-reported: hypothyroidism/myxoedema || id:ukb-a-77",TRUE,"reported","igd",0.000100252592436739,33.8042522721193,2,TRUE,NA,"delirium"
"57",57,"rs683763","T","G","T","G",0.00309064,0.00637132,0.321202,0.394924,FALSE,FALSE,FALSE,"delirium",12853704,0.801642,0.0253613,55,0.000555044,2.5746e-08,337159,10,89807680,"ukb-a-77","Non-cancer illness code  self-reported: hypothyroidism/myxoedema || id:ukb-a-77",TRUE,"reported","igd",9.19533008652246e-05,31.0055501224954,2,TRUE,NA,"delirium"
"58",58,"rs6992869","C","T","C","T",0.00299144,-0.0317591,0.372952,0.428043,FALSE,FALSE,FALSE,"delirium",10666362,0.20537,0.0250782,41,0.000537158,2.56378e-08,337159,8,61395832,"ukb-a-77","Non-cancer illness code  self-reported: hypothyroidism/myxoedema || id:ukb-a-77",TRUE,"reported","igd",9.19775405508649e-05,31.0137242055837,2,TRUE,NA,"delirium"
"59",59,"rs705702","G","A","G","A",0.00367966,0.023717,0.33759,0.302467,FALSE,FALSE,FALSE,"delirium",14614529,0.379274,0.0269746,63,0.00054845,1.9602e-11,337159,12,56390636,"ukb-a-77","Non-cancer illness code  self-reported: hypothyroidism/myxoedema || id:ukb-a-77",TRUE,"reported","igd",0.000133489948973035,45.0130795195899,2,TRUE,NA,"delirium"
"60",60,"rs7090530","A","C","A","C",0.00418704,0.00818592,0.603596,0.675842,FALSE,FALSE,FALSE,"delirium",12230909,0.757314,0.0264909,56,0.000530431,2.94374e-15,337159,10,6110875,"ukb-a-77","Non-cancer illness code  self-reported: hypothyroidism/myxoedema || id:ukb-a-77",TRUE,"reported","igd",0.000184774235272667,62.3094400209567,2,TRUE,NA,"delirium"
"61",61,"rs71508903","T","C","T","C",0.00625717,0.0343943,0.193712,0.185375,FALSE,FALSE,FALSE,"delirium",12661001,0.285682,0.0322152,52,0.000661691,3.20922e-21,337159,10,63779871,"ukb-a-77","Non-cancer illness code  self-reported: hypothyroidism/myxoedema || id:ukb-a-77",TRUE,"reported","igd",0.000265152378378331,89.4216908109,2,TRUE,NA,"delirium"
"62",62,"rs736374","A","G","A","G",0.00412144,-0.00621663,0.363007,0.350151,FALSE,FALSE,FALSE,"delirium",13476417,0.810884,0.0259799,58,0.000540637,2.47913e-14,337159,11,35266944,"ukb-a-77","Non-cancer illness code  self-reported: hypothyroidism/myxoedema || id:ukb-a-77",TRUE,"reported","igd",0.000172336324467949,58.1144133730398,2,TRUE,NA,"delirium"
"63",63,"rs7441808","G","A","G","A",0.00354074,0.00769936,0.302384,0.282165,FALSE,FALSE,FALSE,"delirium",5065941,0.780204,0.0275909,22,0.000564386,3.53199e-10,337159,4,26090375,"ukb-a-77","Non-cancer illness code  self-reported: hypothyroidism/myxoedema || id:ukb-a-77",TRUE,"reported","igd",0.000116721311472521,39.3580011296495,2,TRUE,NA,"delirium"
"64",64,"rs7582694","G","C","G","C",-0.00697507,-0.0249255,0.773961,0.76737,FALSE,TRUE,FALSE,"delirium",2998874,0.396577,0.029402,8,0.000620534,2.61216e-29,337159,2,191970120,"ukb-a-77","Non-cancer illness code  self-reported: hypothyroidism/myxoedema || id:ukb-a-77",TRUE,"reported","igd",0.000374600628813044,126.346553707186,2,TRUE,NA,"delirium"
"65",65,"rs761357","T","A","T","A",0.00331651,0.0508484,0.376767,0.356013,FALSE,TRUE,FALSE,"delirium",8675845,0.0517154,0.0261365,38,0.000537459,6.80519e-10,337159,6,135902599,"ukb-a-77","Non-cancer illness code  self-reported: hypothyroidism/myxoedema || id:ukb-a-77",TRUE,"reported","igd",0.000112924490679017,38.0775823954635,2,TRUE,NA,"delirium"
"66",66,"rs76428106","C","T","C","T",0.027135,0.135391,0.0133586,0.0127547,FALSE,FALSE,FALSE,"delirium",15265454,0.233781,0.113709,66,0.00238035,4.255e-30,337159,13,28604007,"ukb-a-77","Non-cancer illness code  self-reported: hypothyroidism/myxoedema || id:ukb-a-77",TRUE,"reported","igd",0.000385279497992669,129.949746677878,2,TRUE,NA,"delirium"
"67",67,"rs7649344","C","T","C","T",-0.00296836,-0.0498938,0.458522,0.372146,FALSE,FALSE,FALSE,"delirium",3677180,0.0516381,0.0256373,16,0.000521217,1.23424e-08,337159,3,37006396,"ukb-a-77","Non-cancer illness code  self-reported: hypothyroidism/myxoedema || id:ukb-a-77",TRUE,"reported","igd",9.61876831268868e-05,32.4334703803834,2,TRUE,NA,"delirium"
"68",68,"rs76518703","G","A","G","A",-0.0100896,0.0190613,0.0546591,0.0363125,FALSE,FALSE,FALSE,"delirium",7894027,0.783825,0.0694809,31,0.00122104,1.42495e-16,337159,6,31329466,"ukb-a-77","Non-cancer illness code  self-reported: hypothyroidism/myxoedema || id:ukb-a-77",TRUE,"reported","igd",0.000202472207170914,68.2787465016307,2,TRUE,NA,"delirium"
"69",69,"rs7768019","G","C","G","C",-0.00812346,-0.0298274,0.246831,0.28657,FALSE,TRUE,FALSE,"delirium",7888776,0.277108,0.0274442,34,0.000601065,1.30557e-41,337159,6,31202575,"ukb-a-77","Non-cancer illness code  self-reported: hypothyroidism/myxoedema || id:ukb-a-77",TRUE,"reported","igd",0.000541463564325124,182.657133139525,2,TRUE,NA,"delirium"
"70",70,"rs7905731","C","T","C","T",-0.00314417,0.0251957,0.594309,0.636494,FALSE,FALSE,FALSE,"delirium",12662509,0.330449,0.0258893,54,0.000528315,2.6625e-09,337159,10,64018472,"ukb-a-77","Non-cancer illness code  self-reported: hypothyroidism/myxoedema || id:ukb-a-77",TRUE,"reported","igd",0.000105037839315198,35.4179630163024,2,TRUE,NA,"delirium"
"71",71,"rs8008961","T","C","T","C",-0.00336955,-0.0273255,0.27975,0.302937,FALSE,FALSE,FALSE,"delirium",16289189,0.312148,0.0270356,68,0.000577942,5.53924e-09,337159,14,68752643,"ukb-a-77","Non-cancer illness code  self-reported: hypothyroidism/myxoedema || id:ukb-a-77",TRUE,"reported","igd",0.000100808408279662,33.9916871582233,2,TRUE,NA,"delirium"
"72",72,"rs8043085","T","G","T","G",0.00425081,0.0213312,0.233733,0.23071,FALSE,FALSE,FALSE,"delirium",16711680,0.470758,0.0295755,69,0.000614119,4.46684e-12,337159,15,38828140,"ukb-a-77","Non-cancer illness code  self-reported: hypothyroidism/myxoedema || id:ukb-a-77",TRUE,"reported","igd",0.000142082912763458,47.9110559609736,2,TRUE,NA,"delirium"
"73",73,"rs8054578","G","A","G","A",-0.00358256,0.0138926,0.776427,0.824307,FALSE,FALSE,FALSE,"delirium",17718665,0.671744,0.0327846,72,0.000623096,8.95262e-09,337159,16,79316815,"ukb-a-77","Non-cancer illness code  self-reported: hypothyroidism/myxoedema || id:ukb-a-77",TRUE,"reported","igd",9.80391825867755e-05,33.0578376467904,2,TRUE,NA,"delirium"
"74",74,"rs853303","G","A","G","A",-0.00374837,0.0116162,0.621756,0.694105,FALSE,FALSE,FALSE,"delirium",11178816,0.665994,0.026911,45,0.000534335,2.30356e-12,337159,8,133932818,"ukb-a-77","Non-cancer illness code  self-reported: hypothyroidism/myxoedema || id:ukb-a-77",TRUE,"reported","igd",0.00014593501991612,49.2101950006469,2,TRUE,NA,"delirium"
"75",75,"rs911760","A","C","A","C",0.00418051,0.0121055,0.207503,0.225249,FALSE,FALSE,FALSE,"delirium",11331400,0.688904,0.030238,48,0.000672507,5.09554e-10,337159,9,5438435,"ukb-a-77","Non-cancer illness code  self-reported: hypothyroidism/myxoedema || id:ukb-a-77",TRUE,"reported","igd",0.000114598883191893,38.6422440183378,2,TRUE,NA,"delirium"
"76",76,"rs925489","T","C","T","C",0.00985707,0.058593,0.668458,0.653356,FALSE,FALSE,FALSE,"delirium",11869958,0.024833,0.0261111,50,0.000550975,1.51635e-71,337159,9,100546600,"ukb-a-77","Non-cancer illness code  self-reported: hypothyroidism/myxoedema || id:ukb-a-77",TRUE,"reported","igd",0.000948385844296278,320.058465022975,2,TRUE,NA,"delirium"
"77",77,"rs926103","C","T","C","T",-0.00298868,-0.00466802,0.652112,0.618563,FALSE,FALSE,FALSE,"delirium",938183,0.85525,0.0255888,6,0.000547963,4.9238e-08,337159,1,156784982,"ukb-a-77","Non-cancer illness code  self-reported: hypothyroidism/myxoedema || id:ukb-a-77",TRUE,"reported","igd",8.82232985872828e-05,29.7477271244049,2,TRUE,NA,"delirium"
"78",78,"rs9277569","T","C","T","C",0.00840785,0.062972,0.106947,0.142468,FALSE,FALSE,FALSE,"delirium",7920354,0.0765914,0.035561,37,0.000839758,1.35706e-23,337159,6,33058402,"ukb-a-77","Non-cancer illness code  self-reported: hypothyroidism/myxoedema || id:ukb-a-77",TRUE,"reported","igd",0.00029723349442358,100.244149198133,2,TRUE,NA,"delirium"
"79",79,"rs933243","A","C","A","C",-0.00557022,-0.0267452,0.33412,0.370895,FALSE,FALSE,FALSE,"delirium",8912981,0.298778,0.0257398,33,0.000549604,3.89583e-24,337159,6,167403873,"ukb-a-77","Non-cancer illness code  self-reported: hypothyroidism/myxoedema || id:ukb-a-77",TRUE,"reported","igd",0.000304563517359462,102.717005674905,2,TRUE,NA,"delirium"
"80",80,"rs9497965","T","C","T","C",0.00364705,-0.0302324,0.408708,0.337139,FALSE,FALSE,FALSE,"delirium",8762660,0.248869,0.0262184,28,0.000528511,5.18681e-12,337159,6,148521292,"ukb-a-77","Non-cancer illness code  self-reported: hypothyroidism/myxoedema || id:ukb-a-77",TRUE,"reported","igd",0.000141214496911189,47.6181805124908,2,TRUE,NA,"delirium"
"81",81,"rs9815073","A","C","A","C",-0.00705726,-0.0446251,0.347569,0.329017,FALSE,FALSE,FALSE,"delirium",4757668,0.0935061,0.0266072,15,0.000567968,1.93598e-35,337159,3,188115682,"ukb-a-77","Non-cancer illness code  self-reported: hypothyroidism/myxoedema || id:ukb-a-77",TRUE,"reported","igd",0.000457710543221909,154.390980000394,2,TRUE,NA,"delirium"
