"","V1","SNP","effect_allele.exposure","other_allele.exposure","effect_allele.outcome","other_allele.outcome","beta.exposure","beta.outcome","eaf.exposure","eaf.outcome","remove","palindromic","ambiguous","id.outcome","V1","pval.outcome","se.outcome","X","chr.exposure","pval.exposure","pos.exposure","samplesize.exposure","se.exposure","id.exposure","exposure","mr_keep.exposure","pval_origin.exposure","data_source.exposure","R2","F_value","action","mr_keep","samplesize.outcome","outcome"
"1",1,"rs10799824","A","G","A","G",0.00201357,-0.00416037,0.155051,0.122309,FALSE,FALSE,FALSE,"delirium",153418,0.912786,0.0379854,4,1,3.59998e-13,19841174,462933,0.000277044,"ukb-b-1315","Operation code: thyroidectomy/partial thyroidectomy || id:ukb-b-1315",TRUE,"reported","igd",0.000114095435902248,52.8243412539053,2,TRUE,NA,"delirium"
"2",2,"rs1203946","C","A","C","A",-0.00217715,-0.0384217,0.783503,0.790924,FALSE,FALSE,FALSE,"delirium",19632007,0.210211,0.0306642,20,20,4.10015e-19,22600978,462933,0.00024369,"ukb-b-1315","Operation code: thyroidectomy/partial thyroidectomy || id:ukb-b-1315",TRUE,"reported","igd",0.000172388493164141,79.8177371884106,2,TRUE,NA,"delirium"
"3",3,"rs149717632","G","A","G","A",-0.00172722,0.0483782,0.221721,0.00210687,FALSE,FALSE,FALSE,"delirium",1,0.862234,0.278788,8,6,1.80011e-11,32548921,462933,0.000256999,"ukb-b-1315","Operation code: thyroidectomy/partial thyroidectomy || id:ukb-b-1315",TRUE,"reported","igd",9.75600326936911e-05,45.1679700835612,2,TRUE,NA,"delirium"
"4",4,"rs1690789","T","C","T","C",0.00143455,0.0271094,0.487844,0.450562,FALSE,FALSE,FALSE,"delirium",1383008,0.27735,0.0249559,3,1,8.49963e-13,218698027,462933,0.000200571,"ukb-b-1315","Operation code: thyroidectomy/partial thyroidectomy || id:ukb-b-1315",TRUE,"reported","igd",0.000110491525856602,51.155604817155,2,TRUE,NA,"delirium"
"5",5,"rs17477923","C","T","C","T",0.00357067,-0.0131999,0.253252,0.308346,FALSE,FALSE,FALSE,"delirium",16783613,0.622005,0.0267741,17,15,1.50003e-53,49711185,462933,0.000231752,"ukb-b-1315","Operation code: thyroidectomy/partial thyroidectomy || id:ukb-b-1315",TRUE,"reported","igd",0.000512521000664861,237.383523399739,2,TRUE,NA,"delirium"
"6",6,"rs214343","C","T","C","T",0.00116609,-0.0324805,0.655347,0.674831,FALSE,FALSE,FALSE,"delirium",152066,0.221605,0.0265739,2,1,4.09996e-08,19681458,462933,0.000212513,"ukb-b-1315","Operation code: thyroidectomy/partial thyroidectomy || id:ukb-b-1315",TRUE,"reported","igd",6.50349412137405e-05,30.1086484852024,2,TRUE,NA,"delirium"
"7",7,"rs231746","C","G","C","G",0.00123422,-0.0117174,0.493823,0.389478,FALSE,TRUE,TRUE,"delirium",3080415,0.646444,0.0255444,6,2,8.40001e-10,204690355,462933,0.000201098,"ukb-b-1315","Operation code: thyroidectomy/partial thyroidectomy || id:ukb-b-1315",TRUE,"reported","igd",8.13609817014851e-05,37.6675852917678,2,FALSE,NA,"delirium"
"8",8,"rs2415313","C","T","C","T",0.0015082,-0.0122491,0.583474,0.62871,FALSE,FALSE,FALSE,"delirium",16046629,0.633966,0.0257252,13,14,1.20005e-13,36584452,462933,0.000203273,"ukb-b-1315","Operation code: thyroidectomy/partial thyroidectomy || id:ukb-b-1315",TRUE,"reported","igd",0.000118901873447561,55.0499087142321,2,TRUE,NA,"delirium"
"9",9,"rs2712172","A","G","A","G",0.00132558,0.006166,0.259764,0.373331,FALSE,FALSE,FALSE,"delirium",3175823,0.810147,0.0256664,5,2,6.90001e-09,217620733,462933,0.000228821,"ukb-b-1315","Operation code: thyroidectomy/partial thyroidectomy || id:ukb-b-1315",TRUE,"reported","igd",7.24887322391894e-05,33.5597140053427,2,TRUE,NA,"delirium"
"10",10,"rs28690192","A","C","A","C",0.00249242,0.061003,0.125501,0.140005,FALSE,FALSE,FALSE,"delirium",16048158,0.0878092,0.0357355,16,14,1.59993e-16,36780416,462933,0.00030224,"ukb-b-1315","Operation code: thyroidectomy/partial thyroidectomy || id:ukb-b-1315",TRUE,"reported","igd",0.000146877962895083,68.004350581465,2,TRUE,NA,"delirium"
"11",11,"rs334711","T","C","T","C",-0.00218803,0.0217197,0.908005,0.929109,FALSE,FALSE,FALSE,"delirium",438099,0.656641,0.0488571,1,1,2.69998e-10,61625310,462933,0.000346629,"ukb-b-1315","Operation code: thyroidectomy/partial thyroidectomy || id:ukb-b-1315",TRUE,"reported","igd",8.60639425416951e-05,39.8450962108403,2,TRUE,NA,"delirium"
"12",12,"rs34719890","A","G","A","G",-0.00146142,-0.0561031,0.195303,0.178885,FALSE,FALSE,FALSE,"delirium",16474271,0.0829698,0.0323601,15,14,8.19993e-09,93560151,462933,0.000253522,"ukb-b-1315","Operation code: thyroidectomy/partial thyroidectomy || id:ukb-b-1315",TRUE,"reported","igd",7.17743843032839e-05,33.228972488945,2,TRUE,NA,"delirium"
"13",13,"rs3758723","C","T","C","T",0.00147992,0.0116253,0.29603,0.305006,FALSE,FALSE,FALSE,"delirium",13556279,0.665849,0.0269197,12,11,1.50003e-11,45243512,462933,0.000219233,"ukb-b-1315","Operation code: thyroidectomy/partial thyroidectomy || id:ukb-b-1315",TRUE,"reported","igd",9.84246178764174e-05,45.5682918198574,2,TRUE,NA,"delirium"
"14",14,"rs3783947","C","T","C","T",0.0014928,0.0256467,0.412422,0.324513,FALSE,FALSE,FALSE,"delirium",16382759,0.334944,0.0265989,14,14,2.60016e-13,81449534,462933,0.000204073,"ukb-b-1315","Operation code: thyroidectomy/partial thyroidectomy || id:ukb-b-1315",TRUE,"reported","igd",0.000115574977636663,53.5094243228375,2,TRUE,NA,"delirium"
"15",15,"rs433061","A","G","A","G",0.00298695,-0.0153138,0.12982,0.0919316,FALSE,FALSE,FALSE,"delirium",7901391,0.726399,0.0437639,9,6,1.10002e-23,32014828,462933,0.00029776,"ukb-b-1315","Operation code: thyroidectomy/partial thyroidectomy || id:ukb-b-1315",TRUE,"reported","igd",0.000217325486303953,100.628573853924,2,TRUE,NA,"delirium"
"16",16,"rs4578973","T","C","T","C",0.00200667,-0.0263596,0.243961,0.187997,FALSE,FALSE,FALSE,"delirium",4804563,0.409784,0.0319792,7,3,1.10002e-17,193918634,462933,0.00023437,"ukb-b-1315","Operation code: thyroidectomy/partial thyroidectomy || id:ukb-b-1315",TRUE,"reported","igd",0.000158329182189332,73.3070932922191,2,TRUE,NA,"delirium"
"17",17,"rs58722186","T","C","T","C",0.00188085,0.0451853,0.311291,0.308898,FALSE,FALSE,FALSE,"delirium",17723469,0.0928133,0.0268841,18,16,3.80014e-18,79751591,462933,0.000216578,"ukb-b-1315","Operation code: thyroidectomy/partial thyroidectomy || id:ukb-b-1315",TRUE,"reported","igd",0.000162888625010321,75.4184788769773,2,TRUE,NA,"delirium"
"18",18,"rs66760320","T","C","T","C",0.0013191,0.0074751,0.249889,0.203352,FALSE,FALSE,FALSE,"delirium",8004390,0.80947,0.0310029,10,6,1.2e-08,43906255,462933,0.000231378,"ukb-b-1315","Operation code: thyroidectomy/partial thyroidectomy || id:ukb-b-1315",TRUE,"reported","igd",7.02041336607384e-05,32.5019515710516,2,TRUE,NA,"delirium"
"19",19,"rs881759","T","C","T","C",-0.00160806,-0.0592359,0.191086,0.217802,FALSE,FALSE,FALSE,"delirium",19060615,0.0495667,0.0301657,19,19,3.40001e-10,7228346,462933,0.000256072,"ukb-b-1315","Operation code: thyroidectomy/partial thyroidectomy || id:ukb-b-1315",TRUE,"reported","igd",8.51775564925705e-05,39.4346903552277,2,TRUE,NA,"delirium"
"20",20,"rs965513","G","A","G","A",0.00135173,0.0573253,0.667672,0.651867,FALSE,FALSE,FALSE,"delirium",11870009,0.0280285,0.0260938,11,9,2.1e-10,100556109,462933,0.000212843,"ukb-b-1315","Operation code: thyroidectomy/partial thyroidectomy || id:ukb-b-1315",TRUE,"reported","igd",8.7117456089758e-05,40.3328847634051,2,TRUE,NA,"delirium"
