"","V1","SNP","effect_allele.exposure","other_allele.exposure","effect_allele.outcome","other_allele.outcome","beta.exposure","beta.outcome","eaf.exposure","eaf.outcome","remove","palindromic","ambiguous","id.outcome","V1","pval.outcome","se.outcome","X","chr.exposure","pos.exposure","se.exposure","pval.exposure","samplesize.exposure","id.exposure","exposure","mr_keep.exposure","pval_origin.exposure","data_source.exposure","action","mr_keep","samplesize.outcome","outcome"
"1",1,"rs10036386","T","C","T","C",0.0736217,0.0392398,NA,0.418364,FALSE,FALSE,FALSE,"delirium",6857317,0.118703,0.0251498,48,5,76543603,0.00978219,6.05759e-14,405357,"ebi-a-GCST90013893","Hypothyroidism or myxoedema (Firth correction) || id:ebi-a-GCST90013893",TRUE,"reported","igd",2,TRUE,NA,"delirium"
"2",2,"rs10195033","C","T","C","T",0.0541619,0.00674094,NA,0.625588,FALSE,FALSE,FALSE,"delirium",2112465,0.792938,0.0256799,21,2,62541900,0.00986634,3.85212e-08,405357,"ebi-a-GCST90013893","Hypothyroidism or myxoedema (Firth correction) || id:ebi-a-GCST90013893",TRUE,"reported","igd",2,TRUE,NA,"delirium"
"3",3,"rs10277273","G","T","G","T",-0.0582416,-0.0203139,NA,0.704792,FALSE,FALSE,FALSE,"delirium",8995175,0.46508,0.027808,68,7,4785129,0.00975682,2.49735e-09,405357,"ebi-a-GCST90013893","Hypothyroidism or myxoedema (Firth correction) || id:ebi-a-GCST90013893",TRUE,"reported","igd",2,TRUE,NA,"delirium"
"4",4,"rs1032129","C","A","C","A",-0.0646394,-0.0484449,NA,0.408071,FALSE,FALSE,FALSE,"delirium",11072376,0.0547608,0.0252217,75,8,119951900,0.0100969,1.39621e-10,405357,"ebi-a-GCST90013893","Hypothyroidism or myxoedema (Firth correction) || id:ebi-a-GCST90013893",TRUE,"reported","igd",2,TRUE,NA,"delirium"
"5",5,"rs10424978","A","C","A","C",-0.0846684,-0.0156132,NA,0.598576,FALSE,FALSE,FALSE,"delirium",19039271,0.539344,0.0254367,120,19,4837557,0.00981529,7.71792e-18,405357,"ebi-a-GCST90013893","Hypothyroidism or myxoedema (Firth correction) || id:ebi-a-GCST90013893",TRUE,"reported","igd",2,TRUE,NA,"delirium"
"6",6,"rs10742340","C","T","C","T",0.0868758,-0.00307596,NA,0.366117,FALSE,FALSE,FALSE,"delirium",13476767,0.904885,0.0257418,88,11,35317712,0.00979926,9.64939e-19,405357,"ebi-a-GCST90013893","Hypothyroidism or myxoedema (Firth correction) || id:ebi-a-GCST90013893",TRUE,"reported","igd",2,TRUE,NA,"delirium"
"7",7,"rs10761620","G","A","G","A",-0.0754051,0.0214569,NA,0.625333,FALSE,FALSE,FALSE,"delirium",12662782,0.404526,0.0257411,85,10,64057202,0.00963873,5.57699e-15,405357,"ebi-a-GCST90013893","Hypothyroidism or myxoedema (Firth correction) || id:ebi-a-GCST90013893",TRUE,"reported","igd",2,TRUE,NA,"delirium"
"8",8,"rs10786556","T","C","T","C",-0.0617141,-0.0189892,NA,0.540702,FALSE,FALSE,FALSE,"delirium",12936215,0.445015,0.0248631,87,10,101278324,0.00955982,1.10759e-10,405357,"ebi-a-GCST90013893","Hypothyroidism or myxoedema (Firth correction) || id:ebi-a-GCST90013893",TRUE,"reported","igd",2,TRUE,NA,"delirium"
"9",9,"rs1079418","G","A","G","A",-0.0672153,-0.0195465,NA,0.262308,FALSE,FALSE,FALSE,"delirium",8901550,0.48829,0.0282044,60,6,166047034,0.0105024,1.35653e-10,405357,"ebi-a-GCST90013893","Hypothyroidism or myxoedema (Firth correction) || id:ebi-a-GCST90013893",TRUE,"reported","igd",2,TRUE,NA,"delirium"
"10",10,"rs1088898","T","G","T","G",0.0693694,-0.0278134,NA,0.697693,FALSE,FALSE,FALSE,"delirium",17916817,0.303146,0.0270109,114,17,8876505,0.0115648,1.67579e-09,405357,"ebi-a-GCST90013893","Hypothyroidism or myxoedema (Firth correction) || id:ebi-a-GCST90013893",TRUE,"reported","igd",2,TRUE,NA,"delirium"
"11",11,"rs10917477","G","A","G","A",0.0611393,-0.0100193,NA,0.504569,FALSE,FALSE,FALSE,"delirium",153568,0.686325,0.0248097,9,1,19861106,0.00958605,1.84039e-10,405357,"ebi-a-GCST90013893","Hypothyroidism or myxoedema (Firth correction) || id:ebi-a-GCST90013893",TRUE,"reported","igd",2,TRUE,NA,"delirium"
"12",12,"rs10986320","G","C","G","C",-0.0603083,0.0167227,NA,0.620963,FALSE,TRUE,TRUE,"delirium",12065771,0.513937,0.0256201,78,9,127093902,0.00982878,9.21871e-10,405357,"ebi-a-GCST90013893","Hypothyroidism or myxoedema (Firth correction) || id:ebi-a-GCST90013893",TRUE,"reported","igd",2,FALSE,NA,"delirium"
"13",13,"rs11081537","G","A","G","A",0.0636094,0.0148853,NA,0.345218,FALSE,FALSE,FALSE,"delirium",1,0.569199,0.0261498,116,18,77180382,0.0102651,6.53371e-10,405357,"ebi-a-GCST90013893","Hypothyroidism or myxoedema (Firth correction) || id:ebi-a-GCST90013893",TRUE,"reported","igd",2,TRUE,NA,"delirium"
"14",14,"rs1110261","A","G","A","G",0.0787863,-0.0724103,NA,0.261509,FALSE,FALSE,FALSE,"delirium",3421005,0.0101958,0.0281849,30,3,5019936,0.0118273,3.60911e-11,405357,"ebi-a-GCST90013893","Hypothyroidism or myxoedema (Firth correction) || id:ebi-a-GCST90013893",TRUE,"reported","igd",2,TRUE,NA,"delirium"
"15",15,"rs111618453","A","G","A","G",0.10971,-0.0207482,NA,0.29603,FALSE,FALSE,FALSE,"delirium",15233635,0.446224,0.0272385,101,13,24775726,0.0105544,5.58085e-25,405357,"ebi-a-GCST90013893","Hypothyroidism or myxoedema (Firth correction) || id:ebi-a-GCST90013893",TRUE,"reported","igd",2,TRUE,NA,"delirium"
"16",16,"rs113473633","G","A","G","A",-0.193824,0.0404809,NA,0.0143259,FALSE,FALSE,FALSE,"delirium",5633309,0.707214,0.107777,41,4,103449131,0.0333253,2.58268e-09,405357,"ebi-a-GCST90013893","Hypothyroidism or myxoedema (Firth correction) || id:ebi-a-GCST90013893",TRUE,"reported","igd",2,TRUE,NA,"delirium"
"17",17,"rs11631591","C","T","C","T",0.0932046,0.0205272,NA,0.288988,FALSE,FALSE,FALSE,"delirium",16711795,0.453943,0.0274113,108,15,38850262,0.010784,8.76597e-18,405357,"ebi-a-GCST90013893","Hypothyroidism or myxoedema (Firth correction) || id:ebi-a-GCST90013893",TRUE,"reported","igd",2,TRUE,NA,"delirium"
"18",18,"rs11675342","T","C","T","C",0.102855,-0.0082103,NA,0.440911,FALSE,FALSE,FALSE,"delirium",1629303,0.743736,0.0251149,13,2,1407628,0.00962235,1.56063e-26,405357,"ebi-a-GCST90013893","Hypothyroidism or myxoedema (Firth correction) || id:ebi-a-GCST90013893",TRUE,"reported","igd",2,TRUE,NA,"delirium"
"19",19,"rs11711810","C","T","C","T",0.0998809,0.0418904,NA,0.143064,FALSE,FALSE,FALSE,"delirium",3692901,0.237116,0.0354335,33,3,39353011,0.0140434,1.89758e-12,405357,"ebi-a-GCST90013893","Hypothyroidism or myxoedema (Firth correction) || id:ebi-a-GCST90013893",TRUE,"reported","igd",2,TRUE,NA,"delirium"
"20",20,"rs11783023","T","C","T","C",-0.062189,0.0229248,NA,0.632508,FALSE,FALSE,FALSE,"delirium",11242097,0.37244,0.0257029,73,8,141639262,0.0105505,4.3011e-09,405357,"ebi-a-GCST90013893","Hypothyroidism or myxoedema (Firth correction) || id:ebi-a-GCST90013893",TRUE,"reported","igd",2,TRUE,NA,"delirium"
"21",21,"rs11884495","T","A","T","A",0.0577224,0.00274481,NA,0.4321,FALSE,TRUE,TRUE,"delirium",2788226,0.912848,0.025079,23,2,162059969,0.0095771,1.68345e-09,405357,"ebi-a-GCST90013893","Hypothyroidism or myxoedema (Firth correction) || id:ebi-a-GCST90013893",TRUE,"reported","igd",2,FALSE,NA,"delirium"
"22",22,"rs11930551","C","G","C","G",0.0667485,0.0277081,NA,0.735904,FALSE,TRUE,TRUE,"delirium",5178492,0.325432,0.028177,36,4,40343410,0.0105649,2.3245e-10,405357,"ebi-a-GCST90013893","Hypothyroidism or myxoedema (Firth correction) || id:ebi-a-GCST90013893",TRUE,"reported","igd",2,FALSE,NA,"delirium"
"23",23,"rs12117927","A","C","A","C",0.062414,0.0588602,NA,0.40533,FALSE,FALSE,FALSE,"delirium",1513970,0.0218172,0.0256636,3,1,236629134,0.00979829,1.92088e-10,405357,"ebi-a-GCST90013893","Hypothyroidism or myxoedema (Firth correction) || id:ebi-a-GCST90013893",TRUE,"reported","igd",2,TRUE,NA,"delirium"
"24",24,"rs1214598","A","G","A","G",0.0625949,-0.0139058,NA,0.246507,FALSE,FALSE,FALSE,"delirium",1019332,0.630426,0.0289026,8,1,167426424,0.00976969,1.61983e-10,405357,"ebi-a-GCST90013893","Hypothyroidism or myxoedema (Firth correction) || id:ebi-a-GCST90013893",TRUE,"reported","igd",2,TRUE,NA,"delirium"
"25",25,"rs12429568","G","A","G","A",-0.0695693,-0.00116481,NA,0.127622,FALSE,FALSE,FALSE,"delirium",15793617,0.975153,0.0373979,100,13,99985898,0.0120668,6.81522e-09,405357,"ebi-a-GCST90013893","Hypothyroidism or myxoedema (Firth correction) || id:ebi-a-GCST90013893",TRUE,"reported","igd",2,TRUE,NA,"delirium"
"26",26,"rs12482947","C","T","C","T",0.0551957,0.0648428,NA,0.579641,FALSE,FALSE,FALSE,"delirium",20164188,0.0100413,0.0251875,125,21,43852037,0.00986445,2.1151e-08,405357,"ebi-a-GCST90013893","Hypothyroidism or myxoedema (Firth correction) || id:ebi-a-GCST90013893",TRUE,"reported","igd",2,TRUE,NA,"delirium"
"27",27,"rs12555501","C","G","C","G",0.110875,0.0664118,NA,0.144611,FALSE,TRUE,TRUE,"delirium",11946292,0.0595703,0.0352512,77,9,110603346,0.0194937,1.95227e-08,405357,"ebi-a-GCST90013893","Hypothyroidism or myxoedema (Firth correction) || id:ebi-a-GCST90013893",TRUE,"reported","igd",2,FALSE,NA,"delirium"
"28",28,"rs12582330","T","G","T","G",-0.0841307,-0.016165,NA,0.676032,FALSE,FALSE,FALSE,"delirium",14951185,0.544059,0.0266447,96,12,103892941,0.0106272,3.42689e-15,405357,"ebi-a-GCST90013893","Hypothyroidism or myxoedema (Firth correction) || id:ebi-a-GCST90013893",TRUE,"reported","igd",2,TRUE,NA,"delirium"
"29",29,"rs12634152","T","C","T","C",-0.131222,-0.0215413,NA,0.456801,FALSE,FALSE,FALSE,"delirium",4757706,0.387515,0.0249282,29,3,188121019,0.00956918,1.38548e-42,405357,"ebi-a-GCST90013893","Hypothyroidism or myxoedema (Firth correction) || id:ebi-a-GCST90013893",TRUE,"reported","igd",2,TRUE,NA,"delirium"
"30",30,"rs12697352","A","G","A","G",-0.0701792,-0.00622705,NA,0.39478,FALSE,FALSE,FALSE,"delirium",6588795,0.806241,0.0253877,46,5,35837234,0.0101832,4.85177e-12,405357,"ebi-a-GCST90013893","Hypothyroidism or myxoedema (Firth correction) || id:ebi-a-GCST90013893",TRUE,"reported","igd",2,TRUE,NA,"delirium"
"31",31,"rs12973608","C","A","C","A",0.0776724,-0.0078152,NA,0.665351,FALSE,FALSE,FALSE,"delirium",19148622,0.766436,0.0263103,121,19,18398030,0.0100187,7.76605e-15,405357,"ebi-a-GCST90013893","Hypothyroidism or myxoedema (Firth correction) || id:ebi-a-GCST90013893",TRUE,"reported","igd",2,TRUE,NA,"delirium"
"32",32,"rs12980063","G","A","G","A",-0.0733645,-0.0469133,NA,0.357454,FALSE,FALSE,FALSE,"delirium",19378053,0.0705586,0.0259433,122,19,50196992,0.00988696,1.05779e-13,405357,"ebi-a-GCST90013893","Hypothyroidism or myxoedema (Firth correction) || id:ebi-a-GCST90013893",TRUE,"reported","igd",2,TRUE,NA,"delirium"
"33",33,"rs13052015","C","T","C","T",0.0566081,-0.010697,NA,0.359517,FALSE,FALSE,FALSE,"delirium",20093190,0.678852,0.0258364,126,21,34843793,0.0103058,4.345e-08,405357,"ebi-a-GCST90013893","Hypothyroidism or myxoedema (Firth correction) || id:ebi-a-GCST90013893",TRUE,"reported","igd",2,TRUE,NA,"delirium"
"34",34,"rs13090803","T","G","T","G",0.104915,-0.0389395,NA,0.139993,FALSE,FALSE,FALSE,"delirium",4165308,0.277118,0.0358289,27,3,105934953,0.0115147,1.60546e-19,405357,"ebi-a-GCST90013893","Hypothyroidism or myxoedema (Firth correction) || id:ebi-a-GCST90013893",TRUE,"reported","igd",2,TRUE,NA,"delirium"
"35",35,"rs13112252","T","C","T","C",0.0638599,-0.0494289,NA,0.236453,FALSE,FALSE,FALSE,"delirium",4942110,0.0905107,0.0292011,35,4,10782393,0.0110945,1.00046e-08,405357,"ebi-a-GCST90013893","Hypothyroidism or myxoedema (Firth correction) || id:ebi-a-GCST90013893",TRUE,"reported","igd",2,TRUE,NA,"delirium"
"36",36,"rs1317840","C","A","C","A",0.0609667,0.000529709,NA,0.474911,FALSE,FALSE,FALSE,"delirium",8003708,0.983186,0.025135,61,6,43806921,0.00967069,2.83074e-10,405357,"ebi-a-GCST90013893","Hypothyroidism or myxoedema (Firth correction) || id:ebi-a-GCST90013893",TRUE,"reported","igd",2,TRUE,NA,"delirium"
"37",37,"rs13430684","G","A","G","A",0.121978,-0.0143998,NA,0.0369436,FALSE,FALSE,FALSE,"delirium",2062266,0.828429,0.0664453,20,2,55869844,0.0202098,2.66704e-09,405357,"ebi-a-GCST90013893","Hypothyroidism or myxoedema (Firth correction) || id:ebi-a-GCST90013893",TRUE,"reported","igd",2,TRUE,NA,"delirium"
"38",38,"rs142997491","G","A","G","A",0.26294,0.167018,NA,0.0224976,FALSE,FALSE,FALSE,"delirium",17493425,0.0483148,0.0845838,110,16,50729820,0.0398721,1.64945e-10,405357,"ebi-a-GCST90013893","Hypothyroidism or myxoedema (Firth correction) || id:ebi-a-GCST90013893",TRUE,"reported","igd",2,TRUE,NA,"delirium"
"39",39,"rs143627643","TA","T","TA","T",0.0601503,0.00584199,NA,0.394831,FALSE,FALSE,FALSE,"delirium",12853732,0.817916,0.0253751,86,10,89810988,0.0102063,4.21231e-09,405357,"ebi-a-GCST90013893","Hypothyroidism or myxoedema (Firth correction) || id:ebi-a-GCST90013893",TRUE,"reported","igd",2,TRUE,NA,"delirium"
"40",40,"rs144309607","T","C","T","C",-0.153091,-0.0485183,NA,0.0304518,FALSE,FALSE,FALSE,"delirium",19087156,0.501575,0.0721983,123,19,10492274,0.0241896,1.17417e-10,405357,"ebi-a-GCST90013893","Hypothyroidism or myxoedema (Firth correction) || id:ebi-a-GCST90013893",TRUE,"reported","igd",2,TRUE,NA,"delirium"
"41",41,"rs151233","T","C","T","C",0.0776482,0.0128625,NA,0.123076,FALSE,FALSE,FALSE,"delirium",17425236,0.734297,0.037896,109,16,28506428,0.0139316,3.17702e-08,405357,"ebi-a-GCST90013893","Hypothyroidism or myxoedema (Firth correction) || id:ebi-a-GCST90013893",TRUE,"reported","igd",2,TRUE,NA,"delirium"
"42",42,"rs1534430","T","C","T","C",-0.0905857,-0.0111211,NA,0.417885,FALSE,FALSE,FALSE,"delirium",1718828,0.658575,0.0251676,15,2,12644736,0.00990691,5.01418e-20,405357,"ebi-a-GCST90013893","Hypothyroidism or myxoedema (Firth correction) || id:ebi-a-GCST90013893",TRUE,"reported","igd",2,TRUE,NA,"delirium"
"43",43,"rs1607120","A","G","A","G",-0.0934334,-0.00955366,NA,0.0928032,FALSE,FALSE,FALSE,"delirium",11143829,0.822801,0.0426609,70,8,129546233,0.0156528,1.67873e-09,405357,"ebi-a-GCST90013893","Hypothyroidism or myxoedema (Firth correction) || id:ebi-a-GCST90013893",TRUE,"reported","igd",2,TRUE,NA,"delirium"
"44",44,"rs17385641","C","G","C","G",0.0613523,0.0254618,NA,0.260347,FALSE,TRUE,TRUE,"delirium",9557092,0.365716,0.0281493,69,7,77362489,0.0104615,5.10576e-09,405357,"ebi-a-GCST90013893","Hypothyroidism or myxoedema (Firth correction) || id:ebi-a-GCST90013893",TRUE,"reported","igd",2,FALSE,NA,"delirium"
"45",45,"rs174538","A","G","A","G",-0.0702989,-0.0234836,NA,0.347272,FALSE,FALSE,FALSE,"delirium",13660503,0.367706,0.0260703,92,11,61560081,0.0103675,1.0311e-11,405357,"ebi-a-GCST90013893","Hypothyroidism or myxoedema (Firth correction) || id:ebi-a-GCST90013893",TRUE,"reported","igd",2,TRUE,NA,"delirium"
"46",46,"rs1790963","A","C","A","C",-0.0603933,0.0411155,NA,0.536166,FALSE,FALSE,FALSE,"delirium",18903074,0.098712,0.0249013,119,18,67519204,0.00957736,2.95413e-10,405357,"ebi-a-GCST90013893","Hypothyroidism or myxoedema (Firth correction) || id:ebi-a-GCST90013893",TRUE,"reported","igd",2,TRUE,NA,"delirium"
"47",47,"rs1811711","G","C","G","C",0.0683006,0.0132799,NA,0.14812,FALSE,TRUE,TRUE,"delirium",3255543,0.706402,0.035254,18,2,228670476,0.0119882,1.46808e-08,405357,"ebi-a-GCST90013893","Hypothyroidism or myxoedema (Firth correction) || id:ebi-a-GCST90013893",TRUE,"reported","igd",2,FALSE,NA,"delirium"
"48",48,"rs1991797","T","G","T","G",-0.0753437,-0.0145855,NA,0.334341,FALSE,FALSE,FALSE,"delirium",7041153,0.580017,0.0263582,45,5,102622453,0.0102965,2.13698e-13,405357,"ebi-a-GCST90013893","Hypothyroidism or myxoedema (Firth correction) || id:ebi-a-GCST90013893",TRUE,"reported","igd",2,TRUE,NA,"delirium"
"49",49,"rs200698498","A","C","A","C",0.0919108,0.0505705,NA,0.130524,FALSE,FALSE,FALSE,"delirium",1,0.168354,0.0367114,2,1,200805209,0.0150237,1.34348e-09,405357,"ebi-a-GCST90013893","Hypothyroidism or myxoedema (Firth correction) || id:ebi-a-GCST90013893",TRUE,"reported","igd",2,TRUE,NA,"delirium"
"50",50,"rs2111485","G","A","G","A",0.0774059,0.0137838,NA,0.582556,FALSE,FALSE,FALSE,"delirium",2794644,0.583699,0.0251534,24,2,163110536,0.00984995,3.45223e-15,405357,"ebi-a-GCST90013893","Hypothyroidism or myxoedema (Firth correction) || id:ebi-a-GCST90013893",TRUE,"reported","igd",2,TRUE,NA,"delirium"
"51",51,"rs2123340","A","G","A","G",-0.0766616,0.0181806,NA,0.649293,FALSE,FALSE,FALSE,"delirium",11480907,0.485311,0.0260547,79,9,21589041,0.00997357,1.84502e-14,405357,"ebi-a-GCST90013893","Hypothyroidism or myxoedema (Firth correction) || id:ebi-a-GCST90013893",TRUE,"reported","igd",2,TRUE,NA,"delirium"
"52",52,"rs2223385","A","G","A","G",0.0705107,-0.0284509,NA,0.291441,FALSE,FALSE,FALSE,"delirium",8673228,0.297388,0.0273028,58,6,135435171,0.0111227,2.84322e-10,405357,"ebi-a-GCST90013893","Hypothyroidism or myxoedema (Firth correction) || id:ebi-a-GCST90013893",TRUE,"reported","igd",2,TRUE,NA,"delirium"
"53",53,"rs2234167","A","G","A","G",0.0811752,-0.0318091,NA,0.120935,FALSE,FALSE,FALSE,"delirium",17696,0.405609,0.0382484,1,1,2494330,0.0137734,5.0113e-09,405357,"ebi-a-GCST90013893","Hypothyroidism or myxoedema (Firth correction) || id:ebi-a-GCST90013893",TRUE,"reported","igd",2,TRUE,NA,"delirium"
"54",54,"rs2240803","A","G","A","G",-0.113563,0.0257213,NA,0.239352,FALSE,FALSE,FALSE,"delirium",7883842,0.375786,0.0290411,55,6,30920957,0.0134696,1.66265e-17,405357,"ebi-a-GCST90013893","Hypothyroidism or myxoedema (Firth correction) || id:ebi-a-GCST90013893",TRUE,"reported","igd",2,TRUE,NA,"delirium"
"55",55,"rs229540","G","T","G","T",0.106672,0.0116107,NA,0.399285,FALSE,FALSE,FALSE,"delirium",20373379,0.646505,0.0253165,130,22,37591290,0.00962598,2.16421e-28,405357,"ebi-a-GCST90013893","Hypothyroidism or myxoedema (Firth correction) || id:ebi-a-GCST90013893",TRUE,"reported","igd",2,TRUE,NA,"delirium"
"56",56,"rs2387397","C","G","C","G",0.0855801,0.0437338,NA,0.805199,FALSE,TRUE,TRUE,"delirium",12233843,0.163307,0.0313721,81,10,6390192,0.0118696,4.05602e-13,405357,"ebi-a-GCST90013893","Hypothyroidism or myxoedema (Firth correction) || id:ebi-a-GCST90013893",TRUE,"reported","igd",2,FALSE,NA,"delirium"
"57",57,"rs2412974","T","C","T","C",-0.0636643,0.00138719,NA,0.404735,FALSE,FALSE,FALSE,"delirium",20316214,0.956282,0.0253045,129,22,30539821,0.0100476,2.15477e-10,405357,"ebi-a-GCST90013893","Hypothyroidism or myxoedema (Firth correction) || id:ebi-a-GCST90013893",TRUE,"reported","igd",2,TRUE,NA,"delirium"
"58",58,"rs2445610","G","A","G","A",-0.0790577,0.0182921,NA,0.339244,FALSE,FALSE,FALSE,"delirium",11132949,0.486227,0.0262696,72,8,128197088,0.00998274,2.054e-15,405357,"ebi-a-GCST90013893","Hypothyroidism or myxoedema (Firth correction) || id:ebi-a-GCST90013893",TRUE,"reported","igd",2,TRUE,NA,"delirium"
"59",59,"rs244672","T","C","T","C",-0.111769,-0.0123498,NA,0.75807,FALSE,FALSE,FALSE,"delirium",7283159,0.671049,0.0290781,44,5,133419283,0.0141156,4.86295e-15,405357,"ebi-a-GCST90013893","Hypothyroidism or myxoedema (Firth correction) || id:ebi-a-GCST90013893",TRUE,"reported","igd",2,TRUE,NA,"delirium"
"60",60,"rs2603139","C","T","C","T",0.0682577,0.0159015,NA,0.163622,FALSE,FALSE,FALSE,"delirium",4181536,0.636192,0.0336162,28,3,108229990,0.0111229,1.01824e-09,405357,"ebi-a-GCST90013893","Hypothyroidism or myxoedema (Firth correction) || id:ebi-a-GCST90013893",TRUE,"reported","igd",2,TRUE,NA,"delirium"
"61",61,"rs2745803","G","A","G","A",-0.0862829,-0.0308561,NA,0.151264,FALSE,FALSE,FALSE,"delirium",19597779,0.376424,0.0348852,124,20,17859706,0.0120702,6.29361e-13,405357,"ebi-a-GCST90013893","Hypothyroidism or myxoedema (Firth correction) || id:ebi-a-GCST90013893",TRUE,"reported","igd",2,TRUE,NA,"delirium"
"62",62,"rs2823272","A","T","A","T",-0.0772046,0.0164366,NA,0.256513,FALSE,TRUE,TRUE,"delirium",19950667,0.565381,0.028592,127,21,16798586,0.0104289,1.10002e-13,405357,"ebi-a-GCST90013893","Hypothyroidism or myxoedema (Firth correction) || id:ebi-a-GCST90013893",TRUE,"reported","igd",2,FALSE,NA,"delirium"
"63",63,"rs2855788","T","C","T","C",-0.0845379,0.0169142,NA,0.449468,FALSE,FALSE,FALSE,"delirium",16576885,0.533778,0.0271824,105,14,106136858,0.010884,7.92866e-15,405357,"ebi-a-GCST90013893","Hypothyroidism or myxoedema (Firth correction) || id:ebi-a-GCST90013893",TRUE,"reported","igd",2,TRUE,NA,"delirium"
"64",64,"rs2856822","C","A","C","A",-0.171266,-0.0629113,NA,0.254334,FALSE,FALSE,FALSE,"delirium",7919911,0.0278593,0.0286056,52,6,33047432,0.0105528,4.75116e-60,405357,"ebi-a-GCST90013893","Hypothyroidism or myxoedema (Firth correction) || id:ebi-a-GCST90013893",TRUE,"reported","igd",2,TRUE,NA,"delirium"
"65",65,"rs2921071","C","A","C","A",-0.0922108,0.0488166,NA,0.541876,FALSE,FALSE,FALSE,"delirium",10250278,0.0512484,0.0250419,74,8,8308044,0.00965077,1.23169e-21,405357,"ebi-a-GCST90013893","Hypothyroidism or myxoedema (Firth correction) || id:ebi-a-GCST90013893",TRUE,"reported","igd",2,TRUE,NA,"delirium"
"66",66,"rs301802","A","T","A","T",-0.0588809,-0.0134556,NA,0.655356,FALSE,TRUE,TRUE,"delirium",66744,0.606442,0.0261192,5,1,8497307,0.00968617,1.28351e-09,405357,"ebi-a-GCST90013893","Hypothyroidism or myxoedema (Firth correction) || id:ebi-a-GCST90013893",TRUE,"reported","igd",2,FALSE,NA,"delirium"
"67",67,"rs3087243","A","G","A","G",-0.178816,-0.0259733,NA,0.329792,FALSE,FALSE,FALSE,"delirium",3080684,0.326323,0.0264616,17,2,204738919,0.00964776,9.42323e-77,405357,"ebi-a-GCST90013893","Hypothyroidism or myxoedema (Firth correction) || id:ebi-a-GCST90013893",TRUE,"reported","igd",2,TRUE,NA,"delirium"
"68",68,"rs310746","T","C","T","C",-0.0873243,0.0642642,NA,0.928815,FALSE,FALSE,FALSE,"delirium",3482944,0.183774,0.0483472,31,3,12259616,0.0150916,9.77732e-09,405357,"ebi-a-GCST90013893","Hypothyroidism or myxoedema (Firth correction) || id:ebi-a-GCST90013893",TRUE,"reported","igd",2,TRUE,NA,"delirium"
"69",69,"rs3136559","T","C","T","C",0.123353,-0.0226784,NA,0.261148,FALSE,FALSE,FALSE,"delirium",14277550,0.422304,0.0282622,94,12,9916640,0.0105001,2.18424e-31,405357,"ebi-a-GCST90013893","Hypothyroidism or myxoedema (Firth correction) || id:ebi-a-GCST90013893",TRUE,"reported","igd",2,TRUE,NA,"delirium"
"70",70,"rs3184504","C","T","C","T",-0.217102,-0.0269766,NA,0.592257,FALSE,FALSE,FALSE,"delirium",15008227,0.285775,0.0252724,97,12,111884608,0.00950351,1.12202e-114,405357,"ebi-a-GCST90013893","Hypothyroidism or myxoedema (Firth correction) || id:ebi-a-GCST90013893",TRUE,"reported","igd",2,TRUE,NA,"delirium"
"71",71,"rs34046593","A","G","A","G",0.0771505,-0.00528782,NA,0.310599,FALSE,FALSE,FALSE,"delirium",5066037,0.843682,0.0268164,40,4,26111593,0.0102115,5.2942e-14,405357,"ebi-a-GCST90013893","Hypothyroidism or myxoedema (Firth correction) || id:ebi-a-GCST90013893",TRUE,"reported","igd",2,TRUE,NA,"delirium"
"72",72,"rs34591253","T","C","T","C",0.0858134,-0.0321968,NA,0.162121,FALSE,FALSE,FALSE,"delirium",1,0.340558,0.0337824,67,7,128721877,0.013687,5.04638e-10,405357,"ebi-a-GCST90013893","Hypothyroidism or myxoedema (Firth correction) || id:ebi-a-GCST90013893",TRUE,"reported","igd",2,TRUE,NA,"delirium"
"73",73,"rs370808533","G","C","G","C",-0.0804921,-0.00396268,NA,0.261229,FALSE,TRUE,TRUE,"delirium",16380115,0.888692,0.0283132,104,14,81088904,0.0132069,8.43801e-10,405357,"ebi-a-GCST90013893","Hypothyroidism or myxoedema (Firth correction) || id:ebi-a-GCST90013893",TRUE,"reported","igd",2,FALSE,NA,"delirium"
"74",74,"rs3775291","T","C","T","C",-0.0819105,0.0263031,NA,0.316327,FALSE,FALSE,FALSE,"delirium",6264384,0.325397,0.0267463,38,4,187004074,0.0105966,8.4004e-15,405357,"ebi-a-GCST90013893","Hypothyroidism or myxoedema (Firth correction) || id:ebi-a-GCST90013893",TRUE,"reported","igd",2,TRUE,NA,"delirium"
"75",75,"rs3778607","G","A","G","A",0.0660494,-0.0228144,NA,0.463229,FALSE,FALSE,FALSE,"delirium",7629766,0.361547,0.0250043,54,6,403799,0.00965902,7.83249e-12,405357,"ebi-a-GCST90013893","Hypothyroidism or myxoedema (Firth correction) || id:ebi-a-GCST90013893",TRUE,"reported","igd",2,TRUE,NA,"delirium"
"76",76,"rs3784099","A","G","A","G",-0.0648848,-0.0308886,NA,0.305401,FALSE,FALSE,FALSE,"delirium",16289175,0.25189,0.0269587,107,14,68749927,0.0107896,1.58822e-09,405357,"ebi-a-GCST90013893","Hypothyroidism or myxoedema (Firth correction) || id:ebi-a-GCST90013893",TRUE,"reported","igd",2,TRUE,NA,"delirium"
"77",77,"rs3850765","C","T","C","T",0.0536492,-0.0118853,NA,0.707329,FALSE,FALSE,FALSE,"delirium",13100089,0.663593,0.0273251,83,10,124139910,0.00974714,3.59302e-08,405357,"ebi-a-GCST90013893","Hypothyroidism or myxoedema (Firth correction) || id:ebi-a-GCST90013893",TRUE,"reported","igd",2,TRUE,NA,"delirium"
"78",78,"rs4293777","C","G","C","G",0.0810059,-0.0286262,NA,0.511225,FALSE,TRUE,TRUE,"delirium",4941462,0.249373,0.0248519,39,4,10716939,0.00956634,2.68596e-17,405357,"ebi-a-GCST90013893","Hypothyroidism or myxoedema (Firth correction) || id:ebi-a-GCST90013893",TRUE,"reported","igd",2,FALSE,NA,"delirium"
"79",79,"rs4366932","T","C","T","C",0.0567759,0.0109351,NA,0.351999,FALSE,FALSE,FALSE,"delirium",2996517,0.673474,0.0259503,16,2,191592247,0.00972488,5.57751e-09,405357,"ebi-a-GCST90013893","Hypothyroidism or myxoedema (Firth correction) || id:ebi-a-GCST90013893",TRUE,"reported","igd",2,TRUE,NA,"delirium"
"80",80,"rs4409785","C","T","C","T",0.144611,0.0305123,NA,0.166242,FALSE,FALSE,FALSE,"delirium",13902322,0.359747,0.0333159,90,11,95311422,0.012236,1.85952e-31,405357,"ebi-a-GCST90013893","Hypothyroidism or myxoedema (Firth correction) || id:ebi-a-GCST90013893",TRUE,"reported","igd",2,TRUE,NA,"delirium"
"81",81,"rs479777","C","T","C","T",-0.0629493,-0.0331598,NA,0.382629,FALSE,FALSE,FALSE,"delirium",13677971,0.194176,0.0255405,89,11,64107477,0.0101818,5.74447e-10,405357,"ebi-a-GCST90013893","Hypothyroidism or myxoedema (Firth correction) || id:ebi-a-GCST90013893",TRUE,"reported","igd",2,TRUE,NA,"delirium"
"82",82,"rs4900395","C","T","C","T",0.0652733,-0.0260106,NA,0.555826,FALSE,FALSE,FALSE,"delirium",1,0.298258,0.0250059,106,14,98713919,0.00958659,1.01461e-11,405357,"ebi-a-GCST90013893","Hypothyroidism or myxoedema (Firth correction) || id:ebi-a-GCST90013893",TRUE,"reported","igd",2,TRUE,NA,"delirium"
"83",83,"rs534043","G","A","G","A",0.0935336,0.0272648,NA,0.847455,FALSE,FALSE,FALSE,"delirium",9717876,0.42728,0.0343448,66,7,100312724,0.0153888,8.48067e-10,405357,"ebi-a-GCST90013893","Hypothyroidism or myxoedema (Firth correction) || id:ebi-a-GCST90013893",TRUE,"reported","igd",2,TRUE,NA,"delirium"
"84",84,"rs56191111","C","A","C","A",0.0977223,0.0170782,NA,0.171086,FALSE,FALSE,FALSE,"delirium",18149956,0.60344,0.032877,113,17,45571505,0.0126935,2.30303e-14,405357,"ebi-a-GCST90013893","Hypothyroidism or myxoedema (Firth correction) || id:ebi-a-GCST90013893",TRUE,"reported","igd",2,TRUE,NA,"delirium"
"85",85,"rs56818621","G","C","G","C",-0.0941535,-0.00717983,NA,0.255838,FALSE,TRUE,TRUE,"delirium",464141,0.800838,0.0284617,12,1,65435425,0.0147323,1.12398e-10,405357,"ebi-a-GCST90013893","Hypothyroidism or myxoedema (Firth correction) || id:ebi-a-GCST90013893",TRUE,"reported","igd",2,FALSE,NA,"delirium"
"86",86,"rs5865","T","C","T","C",-0.0570725,-0.0588323,NA,0.708732,FALSE,FALSE,FALSE,"delirium",2337890,0.0314615,0.0273488,22,2,98373006,0.0100921,1.69985e-08,405357,"ebi-a-GCST90013893","Hypothyroidism or myxoedema (Firth correction) || id:ebi-a-GCST90013893",TRUE,"reported","igd",2,TRUE,NA,"delirium"
"87",87,"rs61759532","T","C","T","C",0.0930517,0.013201,NA,0.189217,FALSE,FALSE,FALSE,"delirium",17904740,0.678285,0.0318246,112,17,7240391,0.0112098,1.59735e-16,405357,"ebi-a-GCST90013893","Hypothyroidism or myxoedema (Firth correction) || id:ebi-a-GCST90013893",TRUE,"reported","igd",2,TRUE,NA,"delirium"
"88",88,"rs61776678","A","G","A","G",-0.0654663,-0.0250807,NA,0.441386,FALSE,FALSE,FALSE,"delirium",279790,0.315816,0.0250033,6,1,38377021,0.00977025,1.95614e-11,405357,"ebi-a-GCST90013893","Hypothyroidism or myxoedema (Firth correction) || id:ebi-a-GCST90013893",TRUE,"reported","igd",2,TRUE,NA,"delirium"
"89",89,"rs61778693","T","G","T","G",-0.0638892,-0.00139234,NA,0.247484,FALSE,FALSE,FALSE,"delirium",281730,0.961362,0.0287407,11,1,38651781,0.0112382,1.1402e-08,405357,"ebi-a-GCST90013893","Hypothyroidism or myxoedema (Firth correction) || id:ebi-a-GCST90013893",TRUE,"reported","igd",2,TRUE,NA,"delirium"
"90",90,"rs62261536","C","A","C","A",-0.0792056,0.0175978,NA,0.180136,FALSE,FALSE,FALSE,"delirium",4161900,0.585551,0.0322722,26,3,105500400,0.0142868,2.33367e-08,405357,"ebi-a-GCST90013893","Hypothyroidism or myxoedema (Firth correction) || id:ebi-a-GCST90013893",TRUE,"reported","igd",2,TRUE,NA,"delirium"
"91",91,"rs62264484","G","T","G","T",0.0761644,-0.0544272,NA,0.244653,FALSE,FALSE,FALSE,"delirium",4259784,0.0591112,0.0288377,34,3,119232989,0.0119187,2.15561e-10,405357,"ebi-a-GCST90013893","Hypothyroidism or myxoedema (Firth correction) || id:ebi-a-GCST90013893",TRUE,"reported","igd",2,TRUE,NA,"delirium"
"92",92,"rs6505765","G","C","G","C",0.0782897,-0.00473968,NA,0.33909,FALSE,TRUE,TRUE,"delirium",18517870,0.856669,0.0262417,115,18,12782849,0.00997557,5.24083e-15,405357,"ebi-a-GCST90013893","Hypothyroidism or myxoedema (Firth correction) || id:ebi-a-GCST90013893",TRUE,"reported","igd",2,FALSE,NA,"delirium"
"93",93,"rs654537","A","G","A","G",0.132438,-0.0124696,NA,0.511876,FALSE,FALSE,FALSE,"delirium",8350374,0.615412,0.0248218,57,6,90990050,0.0099074,5.53988e-41,405357,"ebi-a-GCST90013893","Hypothyroidism or myxoedema (Firth correction) || id:ebi-a-GCST90013893",TRUE,"reported","igd",2,TRUE,NA,"delirium"
"94",94,"rs66749983","T","A","T","A",0.0741245,-0.0378087,NA,0.347004,FALSE,TRUE,TRUE,"delirium",15371162,0.149242,0.0262157,103,13,43063831,0.0102526,5.96211e-13,405357,"ebi-a-GCST90013893","Hypothyroidism or myxoedema (Firth correction) || id:ebi-a-GCST90013893",TRUE,"reported","igd",2,FALSE,NA,"delirium"
"95",95,"rs6679677","A","C","A","C",0.384469,-0.0374981,NA,0.146522,FALSE,FALSE,FALSE,"delirium",809311,0.288166,0.0353038,10,1,114303808,0.0139492,1.44212e-154,405357,"ebi-a-GCST90013893","Hypothyroidism or myxoedema (Firth correction) || id:ebi-a-GCST90013893",TRUE,"reported","igd",2,TRUE,NA,"delirium"
"96",96,"rs6833591","G","A","G","A",-0.0600942,-0.0132466,NA,0.216993,FALSE,FALSE,FALSE,"delirium",5778549,0.661215,0.0302272,37,4,123546282,0.0101562,3.02838e-09,405357,"ebi-a-GCST90013893","Hypothyroidism or myxoedema (Firth correction) || id:ebi-a-GCST90013893",TRUE,"reported","igd",2,TRUE,NA,"delirium"
"97",97,"rs6914622","T","G","T","G",0.0844249,-0.0124918,NA,0.254652,FALSE,FALSE,FALSE,"delirium",8762595,0.661688,0.0285472,59,6,148514301,0.0101619,1.31129e-16,405357,"ebi-a-GCST90013893","Hypothyroidism or myxoedema (Firth correction) || id:ebi-a-GCST90013893",TRUE,"reported","igd",2,TRUE,NA,"delirium"
"98",98,"rs693939","T","C","T","C",-0.0611866,0.015383,NA,0.323307,FALSE,FALSE,FALSE,"delirium",18578898,0.563743,0.0266469,117,18,23650082,0.0107364,1.08318e-08,405357,"ebi-a-GCST90013893","Hypothyroidism or myxoedema (Firth correction) || id:ebi-a-GCST90013893",TRUE,"reported","igd",2,TRUE,NA,"delirium"
"99",99,"rs7090530","A","C","A","C",0.0967751,0.00818592,NA,0.675842,FALSE,FALSE,FALSE,"delirium",12230909,0.757314,0.0264909,82,10,6110875,0.0098716,8.86748e-23,405357,"ebi-a-GCST90013893","Hypothyroidism or myxoedema (Firth correction) || id:ebi-a-GCST90013893",TRUE,"reported","igd",2,TRUE,NA,"delirium"
"100",100,"rs71387227","T","C","T","C",-0.0622776,0.0130159,NA,0.479961,FALSE,FALSE,FALSE,"delirium",1,0.600725,0.0248699,14,2,8461377,0.010122,7.01762e-10,405357,"ebi-a-GCST90013893","Hypothyroidism or myxoedema (Firth correction) || id:ebi-a-GCST90013893",TRUE,"reported","igd",2,TRUE,NA,"delirium"
"101",101,"rs71508903","T","C","T","C",0.131939,0.0343943,NA,0.185375,FALSE,FALSE,FALSE,"delirium",12661001,0.285682,0.0322152,84,10,63779871,0.0118287,2.64423e-28,405357,"ebi-a-GCST90013893","Hypothyroidism or myxoedema (Firth correction) || id:ebi-a-GCST90013893",TRUE,"reported","igd",2,TRUE,NA,"delirium"
"102",102,"rs74830391","T","C","T","C",0.106901,0.0321843,NA,0.123032,FALSE,FALSE,FALSE,"delirium",9272819,0.396404,0.0379504,65,7,37427289,0.0151025,2.54976e-12,405357,"ebi-a-GCST90013893","Hypothyroidism or myxoedema (Firth correction) || id:ebi-a-GCST90013893",TRUE,"reported","igd",2,TRUE,NA,"delirium"
"103",103,"rs7582694","G","C","G","C",-0.14085,-0.0249255,NA,0.76737,FALSE,TRUE,TRUE,"delirium",2998874,0.396577,0.029402,25,2,191970120,0.0110879,3.20922e-36,405357,"ebi-a-GCST90013893","Hypothyroidism or myxoedema (Firth correction) || id:ebi-a-GCST90013893",TRUE,"reported","igd",2,FALSE,NA,"delirium"
"104",104,"rs7596240","G","A","G","A",0.0591047,0.0504083,NA,0.2562,FALSE,FALSE,FALSE,"delirium",3367229,0.0767839,0.0284848,19,2,242444173,0.0106485,3.20524e-08,405357,"ebi-a-GCST90013893","Hypothyroidism or myxoedema (Firth correction) || id:ebi-a-GCST90013893",TRUE,"reported","igd",2,TRUE,NA,"delirium"
"105",105,"rs76428106","C","T","C","T",0.453769,0.135391,NA,0.0127547,FALSE,FALSE,FALSE,"delirium",15265454,0.233781,0.113709,102,13,28604007,0.0377748,3.21292e-30,405357,"ebi-a-GCST90013893","Hypothyroidism or myxoedema (Firth correction) || id:ebi-a-GCST90013893",TRUE,"reported","igd",2,TRUE,NA,"delirium"
"106",106,"rs767593","T","G","T","G",-0.0753488,0.00970022,NA,0.242673,FALSE,FALSE,FALSE,"delirium",20401343,0.737008,0.0288853,128,22,41779971,0.0116903,9.22147e-11,405357,"ebi-a-GCST90013893","Hypothyroidism or myxoedema (Firth correction) || id:ebi-a-GCST90013893",TRUE,"reported","igd",2,TRUE,NA,"delirium"
"107",107,"rs76930710","C","T","C","T",-0.148422,-0.0675733,NA,0.0255037,FALSE,FALSE,FALSE,"delirium",14698599,0.382836,0.0774318,99,12,68434459,0.0259481,5.71558e-09,405357,"ebi-a-GCST90013893","Hypothyroidism or myxoedema (Firth correction) || id:ebi-a-GCST90013893",TRUE,"reported","igd",2,TRUE,NA,"delirium"
"108",108,"rs7701443","G","A","G","A",-0.053954,0.0109691,NA,0.380446,FALSE,FALSE,FALSE,"delirium",7343140,0.670099,0.0257482,49,5,142792650,0.0097639,3.16825e-08,405357,"ebi-a-GCST90013893","Hypothyroidism or myxoedema (Firth correction) || id:ebi-a-GCST90013893",TRUE,"reported","igd",2,TRUE,NA,"delirium"
"109",109,"rs7758816","C","T","C","T",-0.056848,0.0129287,NA,0.457785,FALSE,FALSE,FALSE,"delirium",8508775,0.604235,0.0249435,53,6,112098896,0.00959581,3.11803e-09,405357,"ebi-a-GCST90013893","Hypothyroidism or myxoedema (Firth correction) || id:ebi-a-GCST90013893",TRUE,"reported","igd",2,TRUE,NA,"delirium"
"110",110,"rs78765971","G","GAC","/","T",0.237458,-0.0101238,NA,0.114534,TRUE,FALSE,FALSE,"delirium",1,0.795146,0.0389926,7,1,108362169,0.015591,7.16803e-50,405357,"ebi-a-GCST90013893","Hypothyroidism or myxoedema (Firth correction) || id:ebi-a-GCST90013893",TRUE,"reported","igd",2,FALSE,NA,"delirium"
"111",111,"rs7931398","C","T","C","T",-0.07196,0.00799404,NA,0.294167,FALSE,FALSE,FALSE,"delirium",14063194,0.769401,0.0272687,93,11,116879676,0.0110786,6.85804e-11,405357,"ebi-a-GCST90013893","Hypothyroidism or myxoedema (Firth correction) || id:ebi-a-GCST90013893",TRUE,"reported","igd",2,TRUE,NA,"delirium"
"112",112,"rs7936397","A","G","A","G",-0.067616,-0.0100665,NA,0.204401,FALSE,FALSE,FALSE,"delirium",13202720,0.743259,0.0307334,91,11,577534,0.0108885,4.55439e-10,405357,"ebi-a-GCST90013893","Hypothyroidism or myxoedema (Firth correction) || id:ebi-a-GCST90013893",TRUE,"reported","igd",2,TRUE,NA,"delirium"
"113",113,"rs7955141","C","A","C","A",0.0574824,0.0682131,NA,0.522171,FALSE,FALSE,FALSE,"delirium",15030044,0.00600966,0.0248296,98,12,115073813,0.00969746,2.98119e-09,405357,"ebi-a-GCST90013893","Hypothyroidism or myxoedema (Firth correction) || id:ebi-a-GCST90013893",TRUE,"reported","igd",2,TRUE,NA,"delirium"
"114",114,"rs7971751","C","A","C","A",-0.0713476,-0.0431992,NA,0.591303,FALSE,FALSE,FALSE,"delirium",14614974,0.0876637,0.0252945,95,12,56478658,0.00963462,1.42758e-13,405357,"ebi-a-GCST90013893","Hypothyroidism or myxoedema (Firth correction) || id:ebi-a-GCST90013893",TRUE,"reported","igd",2,TRUE,NA,"delirium"
"115",115,"rs8054578","G","A","G","A",-0.0672295,0.0138926,NA,0.824307,FALSE,FALSE,FALSE,"delirium",17718665,0.671744,0.0327846,111,16,79316815,0.0113544,3.8301e-09,405357,"ebi-a-GCST90013893","Hypothyroidism or myxoedema (Firth correction) || id:ebi-a-GCST90013893",TRUE,"reported","igd",2,TRUE,NA,"delirium"
"116",116,"rs8086340","G","C","G","C",-0.0559115,-0.0524851,NA,0.574012,FALSE,TRUE,TRUE,"delirium",18844393,0.0373027,0.0252037,118,18,60006978,0.00962737,6.49845e-09,405357,"ebi-a-GCST90013893","Hypothyroidism or myxoedema (Firth correction) || id:ebi-a-GCST90013893",TRUE,"reported","igd",2,FALSE,NA,"delirium"
"117",117,"rs853305","C","T","C","T",-0.0785276,0.0515891,NA,0.788672,FALSE,FALSE,FALSE,"delirium",11178806,0.091384,0.0305598,71,8,133931183,0.0101761,1.52827e-14,405357,"ebi-a-GCST90013893","Hypothyroidism or myxoedema (Firth correction) || id:ebi-a-GCST90013893",TRUE,"reported","igd",2,TRUE,NA,"delirium"
"118",118,"rs865332","A","G","A","G",0.0788631,0.000709652,NA,0.107463,FALSE,FALSE,FALSE,"delirium",7444277,0.98589,0.0401261,47,5,156602286,0.0135696,8.01586e-09,405357,"ebi-a-GCST90013893","Hypothyroidism or myxoedema (Firth correction) || id:ebi-a-GCST90013893",TRUE,"reported","igd",2,TRUE,NA,"delirium"
"119",119,"rs911760","A","C","A","C",0.0875252,0.0121055,NA,0.225249,FALSE,FALSE,FALSE,"delirium",11331400,0.688904,0.030238,76,9,5438435,0.0121797,9.38858e-13,405357,"ebi-a-GCST90013893","Hypothyroidism or myxoedema (Firth correction) || id:ebi-a-GCST90013893",TRUE,"reported","igd",2,TRUE,NA,"delirium"
"120",120,"rs925489","T","C","T","C",0.229817,0.058593,NA,0.653356,FALSE,FALSE,FALSE,"delirium",11869958,0.024833,0.0261111,80,9,100546600,0.0104476,8.51138e-109,405357,"ebi-a-GCST90013893","Hypothyroidism or myxoedema (Firth correction) || id:ebi-a-GCST90013893",TRUE,"reported","igd",2,TRUE,NA,"delirium"
"121",121,"rs926103","C","T","C","T",-0.0707514,-0.00466802,NA,0.618563,FALSE,FALSE,FALSE,"delirium",938183,0.85525,0.0255888,4,1,156784982,0.0100125,1.85994e-12,405357,"ebi-a-GCST90013893","Hypothyroidism or myxoedema (Firth correction) || id:ebi-a-GCST90013893",TRUE,"reported","igd",2,TRUE,NA,"delirium"
"122",122,"rs9264277","C","T","C","T",-0.0869664,-0.0170194,NA,0.729847,FALSE,FALSE,FALSE,"delirium",7889398,0.544736,0.0281003,50,6,31224667,0.00985517,1.43979e-18,405357,"ebi-a-GCST90013893","Hypothyroidism or myxoedema (Firth correction) || id:ebi-a-GCST90013893",TRUE,"reported","igd",2,TRUE,NA,"delirium"
"123",123,"rs9293291","A","G","A","G",0.0642907,-0.0174392,NA,0.785679,FALSE,FALSE,FALSE,"delirium",6821924,0.564097,0.0302361,43,5,71694837,0.0114464,1.69395e-08,405357,"ebi-a-GCST90013893","Hypothyroidism or myxoedema (Firth correction) || id:ebi-a-GCST90013893",TRUE,"reported","igd",2,TRUE,NA,"delirium"
"124",124,"rs933243","A","C","A","C",-0.121386,-0.0267452,NA,0.370895,FALSE,FALSE,FALSE,"delirium",8912981,0.298778,0.0257398,64,6,167403873,0.0103002,2.48028e-32,405357,"ebi-a-GCST90013893","Hypothyroidism or myxoedema (Firth correction) || id:ebi-a-GCST90013893",TRUE,"reported","igd",2,TRUE,NA,"delirium"
"125",125,"rs9357119","T","G","T","G",-0.206129,-0.0227449,NA,0.387189,FALSE,FALSE,FALSE,"delirium",7889731,0.374064,0.0255881,51,6,31229747,0.0109366,8.28705e-81,405357,"ebi-a-GCST90013893","Hypothyroidism or myxoedema (Firth correction) || id:ebi-a-GCST90013893",TRUE,"reported","igd",2,TRUE,NA,"delirium"
"126",126,"rs9494389","C","T","C","T",0.0663379,0.016005,NA,0.251252,FALSE,FALSE,FALSE,"delirium",8677465,0.580679,0.0289739,62,6,136115507,0.0103155,1.47965e-10,405357,"ebi-a-GCST90013893","Hypothyroidism or myxoedema (Firth correction) || id:ebi-a-GCST90013893",TRUE,"reported","igd",2,TRUE,NA,"delirium"
