"","SNP","effect_allele.exposure","other_allele.exposure","effect_allele.outcome","other_allele.outcome","beta.exposure","beta.outcome","eaf.exposure","eaf.outcome","remove","palindromic","ambiguous","id.outcome","pos.outcome","pval.outcome","se.outcome","outcome","mr_keep.outcome","pval_origin.outcome","data_source.outcome","V1","chr.exposure","pos.exposure","se.exposure","pval.exposure","samplesize.exposure","id.exposure","exposure","mr_keep.exposure","pval_origin.exposure","data_source.exposure","action","SNP_index","mr_keep","samplesize.outcome"
"1","rs1009360","C","T","C","T",-0.0184832,0.00961771,0.41859,NA,FALSE,FALSE,FALSE,"PysSjT",65048915,0.703108,0.0252349,"outcome",TRUE,"reported","textfile",41,2,65276049,0.00200785,3.40017e-20,NA,"ieu-b-111","triglycerides || id:ieu-b-111",TRUE,"reported","igd",2,1,TRUE,NA
"2","rs1009590","C","G","C","G",0.0208341,-0.0402214,0.914935,NA,FALSE,TRUE,TRUE,"PysSjT",23497305,0.383683,0.0461716,"outcome",TRUE,"reported","textfile",9,1,23823798,0.00357696,5.69994e-09,NA,"ieu-b-111","triglycerides || id:ieu-b-111",TRUE,"reported","igd",2,1,FALSE,NA
"3","rs10152471","A","G","A","G",-0.0135209,0.00813892,0.388656,NA,FALSE,FALSE,FALSE,"PysSjT",101350708,0.746358,0.0251632,"outcome",TRUE,"reported","textfile",245,15,101890913,0.00204778,4.00037e-11,NA,"ieu-b-111","triglycerides || id:ieu-b-111",TRUE,"reported","igd",2,1,TRUE,NA
"4","rs10210970","T","C","T","C",0.0232557,0.0596461,0.131448,NA,FALSE,FALSE,FALSE,"PysSjT",28423980,0.0633913,0.0321293,"outcome",TRUE,"reported","textfile",31,2,28646847,0.00292788,1.99986e-15,NA,"ieu-b-111","triglycerides || id:ieu-b-111",TRUE,"reported","igd",2,1,TRUE,NA
"5","rs10242866","T","C","T","C",0.015793,-0.0218129,0.398698,NA,FALSE,FALSE,FALSE,"PysSjT",17880990,0.421506,0.0271368,"outcome",TRUE,"reported","textfile",132,7,17920613,0.00202877,7.00003e-15,NA,"ieu-b-111","triglycerides || id:ieu-b-111",TRUE,"reported","igd",2,1,TRUE,NA
"6","rs10277582","T","C","T","C",-0.0173714,0.0465895,0.118591,NA,FALSE,FALSE,FALSE,"PysSjT",17245365,0.241205,0.0397528,"outcome",TRUE,"reported","textfile",137,7,17284989,0.00308015,1.7e-08,NA,"ieu-b-111","triglycerides || id:ieu-b-111",TRUE,"reported","igd",2,1,TRUE,NA
"7","rs1037117","A","G","A","G",0.0172213,-0.0437129,0.254798,NA,FALSE,FALSE,FALSE,"PysSjT",101528455,0.111498,0.0274665,"outcome",TRUE,"reported","textfile",248,15,102068658,0.00229153,5.70033e-14,NA,"ieu-b-111","triglycerides || id:ieu-b-111",TRUE,"reported","igd",2,1,TRUE,NA
"8","rs10405944","C","T","C","T",-0.013209,-0.0236139,0.483077,NA,FALSE,FALSE,FALSE,"PysSjT",33237095,0.349809,0.0252566,"outcome",TRUE,"reported","textfile",290,19,33728001,0.00201995,6.20012e-11,NA,"ieu-b-111","triglycerides || id:ieu-b-111",TRUE,"reported","igd",2,1,TRUE,NA
"9","rs1043897","T","G","T","G",-0.014664,0.0620341,0.415585,NA,FALSE,FALSE,FALSE,"PysSjT",230280653,0.0159647,0.0257432,"outcome",TRUE,"reported","textfile",24,1,230416399,0.00201517,3.40017e-13,NA,"ieu-b-111","triglycerides || id:ieu-b-111",TRUE,"reported","igd",2,1,TRUE,NA
"10","rs1044808","C","G","C","G",-0.0247492,0.0291582,0.081237,NA,FALSE,TRUE,TRUE,"PysSjT",149900352,0.586703,0.053637,"outcome",TRUE,"reported","textfile",6,1,149871905,0.00362188,8.30042e-12,NA,"ieu-b-111","triglycerides || id:ieu-b-111",TRUE,"reported","igd",2,1,FALSE,NA
"11","rs1045241","T","C","T","C",-0.0206988,0.00140055,0.270943,NA,FALSE,FALSE,FALSE,"PysSjT",119393591,0.958243,0.0267492,"outcome",TRUE,"reported","textfile",99,5,118729286,0.00224699,3.19963e-20,NA,"ieu-b-111","triglycerides || id:ieu-b-111",TRUE,"reported","igd",2,1,TRUE,NA
"12","rs10513688","A","G","A","G",0.0247828,0.0330773,0.097403,NA,FALSE,FALSE,FALSE,"PysSjT",171009429,0.430773,0.0419831,"outcome",TRUE,"reported","textfile",61,3,170727218,0.00334924,1.39991e-13,NA,"ieu-b-111","triglycerides || id:ieu-b-111",TRUE,"reported","igd",2,1,TRUE,NA
"13","rs10642257","A","AAGGCC","A","AAGGCC",0.0370518,0.00062614,0.839273,NA,FALSE,FALSE,FALSE,"PysSjT",25952703,0.983511,0.0302955,"outcome",TRUE,"reported","textfile",133,7,25992323,0.00271209,1.69981e-42,NA,"ieu-b-111","triglycerides || id:ieu-b-111",TRUE,"reported","igd",2,1,TRUE,NA
"14","rs10750766","A","C","A","C",0.0193855,-0.00607959,0.709959,NA,FALSE,FALSE,FALSE,"PysSjT",65706327,0.829206,0.0281828,"outcome",TRUE,"reported","textfile",206,11,65473798,0.00218742,7.8001e-19,NA,"ieu-b-111","triglycerides || id:ieu-b-111",TRUE,"reported","igd",2,1,TRUE,NA
"15","rs10773000","T","G","T","G",-0.0149294,0.0228309,0.332276,NA,FALSE,FALSE,FALSE,"PysSjT",123251537,0.381363,0.0260809,"outcome",TRUE,"reported","textfile",216,12,123736084,0.0021148,1.69981e-12,NA,"ieu-b-111","triglycerides || id:ieu-b-111",TRUE,"reported","igd",2,1,TRUE,NA
"16","rs10773049","C","T","C","T",-0.0290398,-0.0292631,0.39535,NA,FALSE,FALSE,FALSE,"PysSjT",124022084,0.244668,0.0251531,"outcome",TRUE,"reported","textfile",210,12,124506631,0.00203691,4.10015e-46,NA,"ieu-b-111","triglycerides || id:ieu-b-111",TRUE,"reported","igd",2,1,TRUE,NA
"17","rs10775406","G","A","G","A",0.0206571,0.0398942,0.759694,NA,FALSE,FALSE,FALSE,"PysSjT",48120393,0.156138,0.0281306,"outcome",TRUE,"reported","textfile",274,17,46197755,0.00232578,6.59933e-19,NA,"ieu-b-111","triglycerides || id:ieu-b-111",TRUE,"reported","igd",2,1,TRUE,NA
"18","rs1077835","G","A","G","A",0.0473668,0.013502,0.220459,NA,FALSE,FALSE,FALSE,"PysSjT",58431227,0.63467,0.0284154,"outcome",TRUE,"reported","textfile",242,15,58723426,0.00240452,2.19989e-86,NA,"ieu-b-111","triglycerides || id:ieu-b-111",TRUE,"reported","igd",2,1,TRUE,NA
"19","rs10797119","C","T","C","T",0.0157113,0.011368,0.536622,NA,FALSE,FALSE,FALSE,"PysSjT",89587580,0.648018,0.0249015,"outcome",TRUE,"reported","textfile",166,9,92202495,0.00200465,4.60045e-15,NA,"ieu-b-111","triglycerides || id:ieu-b-111",TRUE,"reported","igd",2,1,TRUE,NA
"20","rs10811662","A","G","A","G",-0.0154098,-0.0120575,0.173212,NA,FALSE,FALSE,FALSE,"PysSjT",22134254,0.734017,0.0354855,"outcome",TRUE,"reported","textfile",170,9,22134253,0.0026291,4.60002e-09,NA,"ieu-b-111","triglycerides || id:ieu-b-111",TRUE,"reported","igd",2,1,TRUE,NA
"21","rs10822163","G","C","G","C",-0.0321674,-0.0403509,0.473369,NA,FALSE,TRUE,TRUE,"PysSjT",63364338,0.104359,0.0248454,"outcome",TRUE,"reported","textfile",173,10,65124098,0.00199059,9.70063e-59,NA,"ieu-b-111","triglycerides || id:ieu-b-111",TRUE,"reported","igd",2,1,FALSE,NA
"22","rs10883026","T","C","T","C",-0.0144604,0.0246266,0.521569,NA,FALSE,FALSE,FALSE,"PysSjT",98034108,0.329677,0.0252642,"outcome",TRUE,"reported","textfile",185,10,99793865,0.00200472,5.50047e-13,NA,"ieu-b-111","triglycerides || id:ieu-b-111",TRUE,"reported","igd",2,1,TRUE,NA
"23","rs10899490","T","C","T","C",-0.0170082,-0.0271033,0.161369,NA,FALSE,FALSE,FALSE,"PysSjT",78394833,0.383875,0.0311253,"outcome",TRUE,"reported","textfile",193,11,78105879,0.00269347,2.69998e-10,NA,"ieu-b-111","triglycerides || id:ieu-b-111",TRUE,"reported","igd",2,1,TRUE,NA
"24","rs11000468","T","C","T","C",-0.0148544,-0.00648559,0.255269,NA,FALSE,FALSE,FALSE,"PysSjT",72951618,0.799116,0.0254845,"outcome",TRUE,"reported","textfile",180,10,74711376,0.00231748,1.5e-10,NA,"ieu-b-111","triglycerides || id:ieu-b-111",TRUE,"reported","igd",2,1,TRUE,NA
"25","rs11030107","G","A","G","A",0.0160418,-0.0280627,0.260757,NA,FALSE,FALSE,FALSE,"PysSjT",27673288,0.327994,0.0286892,"outcome",TRUE,"reported","textfile",204,11,27694835,0.00225693,1.20005e-12,NA,"ieu-b-111","triglycerides || id:ieu-b-111",TRUE,"reported","igd",2,1,TRUE,NA
"26","rs11078597","C","T","C","T",0.0191708,-0.0397026,0.186613,NA,FALSE,FALSE,FALSE,"PysSjT",1715069,0.210797,0.0317271,"outcome",TRUE,"reported","textfile",270,17,1618363,0.0025513,5.70033e-14,NA,"ieu-b-111","triglycerides || id:ieu-b-111",TRUE,"reported","igd",2,1,TRUE,NA
"27","rs11100083","C","T","C","T",-0.0160248,0.0184471,0.226214,NA,FALSE,FALSE,FALSE,"PysSjT",156761446,0.561923,0.0318061,"outcome",TRUE,"reported","textfile",77,4,157682598,0.00237585,1.50003e-11,NA,"ieu-b-111","triglycerides || id:ieu-b-111",TRUE,"reported","igd",2,1,TRUE,NA
"28","rs11118310","T","A","T","A",0.0193178,0.0108075,0.593476,NA,FALSE,TRUE,TRUE,"PysSjT",219464329,0.669026,0.0252816,"outcome",TRUE,"reported","textfile",23,1,219637671,0.00202011,1.10002e-21,NA,"ieu-b-111","triglycerides || id:ieu-b-111",TRUE,"reported","igd",2,1,FALSE,NA
"29","rs11122450","G","T","G","T",-0.0481745,0.000338081,0.611733,NA,FALSE,FALSE,FALSE,"PysSjT",230166065,0.989253,0.0250999,"outcome",TRUE,"reported","textfile",18,1,230301811,0.0020373,1.30017e-123,NA,"ieu-b-111","triglycerides || id:ieu-b-111",TRUE,"reported","igd",2,1,TRUE,NA
"30","rs11185542","C","G","C","G",-0.0126395,0.0173263,0.727914,NA,FALSE,TRUE,TRUE,"PysSjT",196461056,0.521186,0.0270083,"outcome",TRUE,"reported","textfile",63,3,196187927,0.00223848,1.6e-08,NA,"ieu-b-111","triglycerides || id:ieu-b-111",TRUE,"reported","igd",2,1,FALSE,NA
"31","rs11187019","G","A","G","A",-0.0116437,-0.0503303,0.550621,NA,FALSE,FALSE,FALSE,"PysSjT",92488553,0.0445051,0.0250486,"outcome",TRUE,"reported","textfile",172,10,94248310,0.00200546,6.4e-09,NA,"ieu-b-111","triglycerides || id:ieu-b-111",TRUE,"reported","igd",2,1,TRUE,NA
"32","rs11206374","A","G","A","G",0.0250232,0.0181308,0.224815,NA,FALSE,FALSE,FALSE,"PysSjT",39582337,0.550553,0.0303733,"outcome",TRUE,"reported","textfile",2,1,40048009,0.00237577,6.09958e-26,NA,"ieu-b-111","triglycerides || id:ieu-b-111",TRUE,"reported","igd",2,1,TRUE,NA
"33","rs112108602","A","AG","A","AG",0.0268214,0.0424782,0.909696,NA,FALSE,FALSE,FALSE,"PysSjT",50684148,0.432555,0.0541243,"outcome",TRUE,"reported","textfile",20,1,51149820,0.00346931,1.10002e-14,NA,"ieu-b-111","triglycerides || id:ieu-b-111",TRUE,"reported","igd",2,1,TRUE,NA
"34","rs112381903","T","A","T","A",0.0231649,0.129683,0.06731,NA,FALSE,TRUE,TRUE,"PysSjT",43310895,0.0487293,0.0657974,"outcome",TRUE,"reported","textfile",260,17,41388250,0.00400864,7.49998e-09,NA,"ieu-b-111","triglycerides || id:ieu-b-111",TRUE,"reported","igd",2,1,FALSE,NA
"35","rs11240358","A","G","A","G",0.0135651,0.0282069,0.394026,NA,FALSE,FALSE,FALSE,"PysSjT",205101445,0.273034,0.0257338,"outcome",TRUE,"reported","textfile",22,1,205070573,0.00202953,2.29985e-11,NA,"ieu-b-111","triglycerides || id:ieu-b-111",TRUE,"reported","igd",2,1,TRUE,NA
"36","rs11274835","CGAGTGTGGGAATCT","C","GCTCACACCCTTA","G",-0.0254256,0.0303613,0.174385,NA,TRUE,FALSE,FALSE,"PysSjT",113928563,0.431667,0.0386108,"outcome",TRUE,"reported","textfile",223,13,114631536,0.0027693,4.30031e-20,NA,"ieu-b-111","triglycerides || id:ieu-b-111",TRUE,"reported","igd",2,1,FALSE,NA
"37","rs1133400","G","A","G","A",0.0137462,0.0173782,0.219923,NA,FALSE,FALSE,FALSE,"PysSjT",132645884,0.598855,0.0330355,"outcome",TRUE,"reported","textfile",187,10,134459388,0.00239759,9.80009e-09,NA,"ieu-b-111","triglycerides || id:ieu-b-111",TRUE,"reported","igd",2,1,TRUE,NA
"38","rs113344423","A","G","A","G",0.0434468,0.0883776,0.060177,NA,FALSE,FALSE,FALSE,"PysSjT",93556280,0.0429457,0.0436597,"outcome",TRUE,"reported","textfile",178,10,95316037,0.00428926,4.10015e-24,NA,"ieu-b-111","triglycerides || id:ieu-b-111",TRUE,"reported","igd",2,1,TRUE,NA
"39","rs114165349","C","G","C","G",0.0818126,-0.0438778,0.023157,NA,FALSE,TRUE,TRUE,"PysSjT",26695422,0.504893,0.0658025,"outcome",TRUE,"reported","textfile",10,1,27021913,0.00663594,6.29941e-35,NA,"ieu-b-111","triglycerides || id:ieu-b-111",TRUE,"reported","igd",2,1,FALSE,NA
"40","rs11429307","G","GT","G","GT",-0.0465382,0.0505445,0.80902,NA,FALSE,FALSE,FALSE,"PysSjT",56561198,0.164989,0.0364026,"outcome",TRUE,"reported","textfile",100,5,55857025,0.00253471,2.70023e-75,NA,"ieu-b-111","triglycerides || id:ieu-b-111",TRUE,"reported","igd",2,1,TRUE,NA
"41","rs11600815","A","G","A","G",-0.0322469,-0.0197157,0.051753,NA,FALSE,FALSE,FALSE,"PysSjT",14775681,0.656215,0.0442905,"outcome",TRUE,"reported","textfile",201,11,14797227,0.00458644,2.09991e-12,NA,"ieu-b-111","triglycerides || id:ieu-b-111",TRUE,"reported","igd",2,1,TRUE,NA
"42","rs11637681","G","A","G","A",0.0125866,0.00935268,0.276291,NA,FALSE,FALSE,FALSE,"PysSjT",40095770,0.759754,0.030584,"outcome",TRUE,"reported","textfile",239,15,40387971,0.00224251,2e-08,NA,"ieu-b-111","triglycerides || id:ieu-b-111",TRUE,"reported","igd",2,1,TRUE,NA
"43","rs11664106","T","A","T","A",-0.0125831,-0.0131789,0.374102,NA,FALSE,TRUE,TRUE,"PysSjT",2846814,0.622014,0.026732,"outcome",TRUE,"reported","textfile",276,18,2846812,0.00210816,2.39999e-09,NA,"ieu-b-111","triglycerides || id:ieu-b-111",TRUE,"reported","igd",2,1,FALSE,NA
"44","rs116843064","A","G","A","G",-0.226505,0.144216,0.019327,NA,FALSE,FALSE,FALSE,"PysSjT",8364439,0.0581393,0.0761177,"outcome",TRUE,"reported","textfile",292,19,8429323,0.00721009,1e-200,NA,"ieu-b-111","triglycerides || id:ieu-b-111",TRUE,"reported","igd",2,1,TRUE,NA
"45","rs11722924","C","G","C","G",0.0129095,0.0246619,0.53531,NA,FALSE,TRUE,TRUE,"PysSjT",76475701,0.319997,0.0247991,"outcome",TRUE,"reported","textfile",74,4,77396854,0.00199093,8.9002e-11,NA,"ieu-b-111","triglycerides || id:ieu-b-111",TRUE,"reported","igd",2,1,FALSE,NA
"46","rs117233107","A","G","A","G",-0.0732317,-0.0284492,0.015176,NA,FALSE,FALSE,FALSE,"PysSjT",4219355,0.785769,0.104667,"outcome",TRUE,"reported","textfile",215,12,4328521,0.0086122,1.80011e-17,NA,"ieu-b-111","triglycerides || id:ieu-b-111",TRUE,"reported","igd",2,1,TRUE,NA
"47","rs117287238","A","G","A","G",-0.0394324,0.111728,0.028185,NA,FALSE,FALSE,FALSE,"PysSjT",15069248,0.168977,0.081227,"outcome",TRUE,"reported","textfile",198,11,15090794,0.00614684,1.40001e-10,NA,"ieu-b-111","triglycerides || id:ieu-b-111",TRUE,"reported","igd",2,1,TRUE,NA
"48","rs117291242","T","C","T","C",0.0297851,-0.132954,0.036536,NA,FALSE,FALSE,FALSE,"PysSjT",380315,0.017123,0.055768,"outcome",TRUE,"reported","textfile",197,11,380315,0.00528225,1.7e-08,NA,"ieu-b-111","triglycerides || id:ieu-b-111",TRUE,"reported","igd",2,1,TRUE,NA
"49","rs117316645","A","G","A","G",0.0277821,0.108363,0.0421,NA,FALSE,FALSE,FALSE,"PysSjT",44954955,0.104577,0.0667646,"outcome",TRUE,"reported","textfile",284,19,45458212,0.00495454,2.1e-08,NA,"ieu-b-111","triglycerides || id:ieu-b-111",TRUE,"reported","igd",2,1,TRUE,NA
"50","rs117431393","G","A","G","A",0.0312254,0.0558021,0.035446,NA,FALSE,FALSE,FALSE,"PysSjT",44277727,0.272817,0.0508866,"outcome",TRUE,"reported","textfile",261,17,42355095,0.00537977,6.49995e-09,NA,"ieu-b-111","triglycerides || id:ieu-b-111",TRUE,"reported","igd",2,1,TRUE,NA
"51","rs11746801","A","G","A","G",-0.0123657,-0.0101624,0.637069,NA,FALSE,FALSE,FALSE,"PysSjT",56694515,0.687874,0.025296,"outcome",TRUE,"reported","textfile",92,5,55990342,0.00207937,2.69998e-09,NA,"ieu-b-111","triglycerides || id:ieu-b-111",TRUE,"reported","igd",2,1,TRUE,NA
"52","rs11904650","G","A","G","A",0.0410641,0.0153762,0.020999,NA,FALSE,FALSE,FALSE,"PysSjT",118987551,0.881576,0.103216,"outcome",TRUE,"reported","textfile",44,2,119745127,0.00692419,2.99999e-09,NA,"ieu-b-111","triglycerides || id:ieu-b-111",TRUE,"reported","igd",2,1,TRUE,NA
"53","rs12185242","C","A","C","A",0.0175265,0.00766658,0.454836,NA,FALSE,FALSE,FALSE,"PysSjT",49329709,0.757276,0.0248062,"outcome",TRUE,"reported","textfile",262,17,47407071,0.00199898,1.80011e-18,NA,"ieu-b-111","triglycerides || id:ieu-b-111",TRUE,"reported","igd",2,1,TRUE,NA
"54","rs12424054","A","G","A","G",0.0191212,-0.00985069,0.232437,NA,FALSE,FALSE,FALSE,"PysSjT",106792969,0.763104,0.0326823,"outcome",TRUE,"reported","textfile",221,12,107186747,0.00235346,4.49987e-16,NA,"ieu-b-111","triglycerides || id:ieu-b-111",TRUE,"reported","igd",2,1,TRUE,NA
"55","rs12440800","T","A","T","A",0.0161,0.045369,0.255149,NA,FALSE,TRUE,TRUE,"PysSjT",61668103,0.137243,0.0305281,"outcome",TRUE,"reported","textfile",243,15,61960302,0.00229294,2.19989e-12,NA,"ieu-b-111","triglycerides || id:ieu-b-111",TRUE,"reported","igd",2,1,FALSE,NA
"56","rs12446515","T","C","T","C",-0.0334207,0.0545961,0.322889,NA,FALSE,FALSE,FALSE,"PysSjT",56953103,0.049049,0.0277395,"outcome",TRUE,"reported","textfile",254,16,56987015,0.00213589,3.50026e-55,NA,"ieu-b-111","triglycerides || id:ieu-b-111",TRUE,"reported","igd",2,1,TRUE,NA
"57","rs12475332","G","T","G","T",-0.0140007,0.0423555,0.260988,NA,FALSE,FALSE,FALSE,"PysSjT",226367331,0.161309,0.0302392,"outcome",TRUE,"reported","textfile",36,2,227232047,0.00225386,5.19996e-10,NA,"ieu-b-111","triglycerides || id:ieu-b-111",TRUE,"reported","igd",2,1,TRUE,NA
"58","rs12504746","T","C","T","C",-0.0152674,0.0217006,0.192857,NA,FALSE,FALSE,FALSE,"PysSjT",39645011,0.533296,0.0348334,"outcome",TRUE,"reported","textfile",69,4,39646631,0.00252148,1.40001e-09,NA,"ieu-b-111","triglycerides || id:ieu-b-111",TRUE,"reported","igd",2,1,TRUE,NA
"59","rs12530679","G","A","G","A",-0.0121299,-0.0102268,0.48466,NA,FALSE,FALSE,FALSE,"PysSjT",106991668,0.682413,0.0249937,"outcome",TRUE,"reported","textfile",141,7,106632113,0.00201682,1.79999e-09,NA,"ieu-b-111","triglycerides || id:ieu-b-111",TRUE,"reported","igd",2,1,TRUE,NA
"60","rs12669911","C","A","C","A",-0.0118536,-0.0528183,0.614026,NA,FALSE,FALSE,FALSE,"PysSjT",32222765,0.0514648,0.0271199,"outcome",TRUE,"reported","textfile",139,7,32262377,0.00205405,7.90005e-09,NA,"ieu-b-111","triglycerides || id:ieu-b-111",TRUE,"reported","igd",2,1,TRUE,NA
"61","rs12880341","C","T","C","T",0.0209696,0.0100427,0.159023,NA,FALSE,FALSE,FALSE,"PysSjT",63769473,0.783615,0.0365707,"outcome",TRUE,"reported","textfile",236,14,64236191,0.00273647,1.80011e-14,NA,"ieu-b-111","triglycerides || id:ieu-b-111",TRUE,"reported","igd",2,1,TRUE,NA
"62","rs12902047","C","A","C","A",-0.0129253,0.00842475,0.313907,NA,FALSE,FALSE,FALSE,"PysSjT",41623324,0.74742,0.0261604,"outcome",TRUE,"reported","textfile",244,15,41915522,0.00214533,1.7e-09,NA,"ieu-b-111","triglycerides || id:ieu-b-111",TRUE,"reported","igd",2,1,TRUE,NA
"63","rs1292065","G","C","G","C",-0.0139237,-0.00395614,0.709244,NA,FALSE,TRUE,TRUE,"PysSjT",59828927,0.883445,0.0269852,"outcome",TRUE,"reported","textfile",269,17,57906288,0.00218669,1.89998e-10,NA,"ieu-b-111","triglycerides || id:ieu-b-111",TRUE,"reported","igd",2,1,FALSE,NA
"64","rs12926107","G","A","G","A",0.0126364,0.0118176,0.454903,NA,FALSE,FALSE,FALSE,"PysSjT",87970486,0.661654,0.0270035,"outcome",TRUE,"reported","textfile",250,16,88004092,0.0020014,2.69998e-10,NA,"ieu-b-111","triglycerides || id:ieu-b-111",TRUE,"reported","igd",2,1,TRUE,NA
"65","rs12928099","A","C","A","C",-0.0282116,-0.0308098,0.296442,NA,FALSE,FALSE,FALSE,"PysSjT",15056648,0.264958,0.0276384,"outcome",TRUE,"reported","textfile",252,16,15150505,0.00218133,2.90001e-38,NA,"ieu-b-111","triglycerides || id:ieu-b-111",TRUE,"reported","igd",2,1,TRUE,NA
"66","rs12948505","T","C","T","C",0.0138887,-0.0704616,0.194119,NA,FALSE,FALSE,FALSE,"PysSjT",561722,0.0513996,0.0361689,"outcome",TRUE,"reported","textfile",267,17,464962,0.00251214,3.2e-08,NA,"ieu-b-111","triglycerides || id:ieu-b-111",TRUE,"reported","igd",2,1,TRUE,NA
"67","rs13066793","G","A","G","A",-0.0224583,-0.0163461,0.090095,NA,FALSE,FALSE,FALSE,"PysSjT",86988393,0.720309,0.0456537,"outcome",TRUE,"reported","textfile",67,3,87037543,0.00347278,1e-10,NA,"ieu-b-111","triglycerides || id:ieu-b-111",TRUE,"reported","igd",2,1,TRUE,NA
"68","rs13107325","T","C","T","C",0.0300749,-0.0324735,0.074905,NA,FALSE,FALSE,FALSE,"PysSjT",102267552,0.762853,0.107622,"outcome",TRUE,"reported","textfile",83,4,103188709,0.00377743,1.69981e-15,NA,"ieu-b-111","triglycerides || id:ieu-b-111",TRUE,"reported","igd",2,1,TRUE,NA
"69","rs13108218","G","A","G","A",-0.0305169,-0.0277277,0.614859,NA,FALSE,FALSE,FALSE,"PysSjT",3442204,0.300099,0.0267585,"outcome",TRUE,"reported","textfile",82,4,3443931,0.00205811,9.70063e-50,NA,"ieu-b-111","triglycerides || id:ieu-b-111",TRUE,"reported","igd",2,1,TRUE,NA
"70","rs13118477","A","G","A","G",0.0149897,0.00260259,0.392654,NA,FALSE,FALSE,FALSE,"PysSjT",88783216,0.917053,0.0249898,"outcome",TRUE,"reported","textfile",75,4,89704367,0.00203847,1.9002e-13,NA,"ieu-b-111","triglycerides || id:ieu-b-111",TRUE,"reported","igd",2,1,TRUE,NA
"71","rs1316753","C","G","C","G",-0.0145732,-0.0340126,0.394062,NA,FALSE,TRUE,TRUE,"PysSjT",79235514,0.175288,0.025094,"outcome",TRUE,"reported","textfile",97,5,78531337,0.00202974,7.00003e-13,NA,"ieu-b-111","triglycerides || id:ieu-b-111",TRUE,"reported","igd",2,1,FALSE,NA
"72","rs13264304","G","C","G","C",0.0189102,-0.0083371,0.151023,NA,FALSE,TRUE,TRUE,"PysSjT",18356556,0.77931,0.0297521,"outcome",TRUE,"reported","textfile",153,8,18214065,0.00276507,8.00018e-12,NA,"ieu-b-111","triglycerides || id:ieu-b-111",TRUE,"reported","igd",2,1,FALSE,NA
"73","rs13269725","G","A","G","A",0.0349878,-0.040288,0.078416,NA,FALSE,FALSE,FALSE,"PysSjT",71547654,0.541598,0.0660028,"outcome",TRUE,"reported","textfile",155,8,72459889,0.0036804,1.99986e-21,NA,"ieu-b-111","triglycerides || id:ieu-b-111",TRUE,"reported","igd",2,1,TRUE,NA
"74","rs13354321","C","T","C","T",-0.0154305,-0.0434339,0.409787,NA,FALSE,FALSE,FALSE,"PysSjT",158498289,0.0818408,0.0249606,"outcome",TRUE,"reported","textfile",96,5,157925297,0.00201429,1.9002e-14,NA,"ieu-b-111","triglycerides || id:ieu-b-111",TRUE,"reported","igd",2,1,TRUE,NA
"75","rs13389219","T","C","T","C",-0.0376242,0.0124106,0.392551,NA,FALSE,FALSE,FALSE,"PysSjT",164672366,0.634334,0.0260926,"outcome",TRUE,"reported","textfile",32,2,165528876,0.00202704,6.59933e-77,NA,"ieu-b-111","triglycerides || id:ieu-b-111",TRUE,"reported","igd",2,1,TRUE,NA
"76","rs1340819","C","A","C","A",-0.0121655,0.0145474,0.345011,NA,FALSE,FALSE,FALSE,"PysSjT",28571186,0.583532,0.0265351,"outcome",TRUE,"reported","textfile",229,13,29145323,0.00209472,6.29999e-09,NA,"ieu-b-111","triglycerides || id:ieu-b-111",TRUE,"reported","igd",2,1,TRUE,NA
"77","rs134551","T","C","T","C",-0.0116536,0.0100537,0.335438,NA,FALSE,FALSE,FALSE,"PysSjT",28411637,0.718522,0.0278933,"outcome",TRUE,"reported","textfile",309,22,28807625,0.00211111,3.40001e-08,NA,"ieu-b-111","triglycerides || id:ieu-b-111",TRUE,"reported","igd",2,1,TRUE,NA
"78","rs1347188","G","A","G","A",0.0139021,-0.0028318,0.245797,NA,FALSE,FALSE,FALSE,"PysSjT",123822104,0.919275,0.0279415,"outcome",TRUE,"reported","textfile",72,4,124743259,0.00231385,1.89998e-09,NA,"ieu-b-111","triglycerides || id:ieu-b-111",TRUE,"reported","igd",2,1,TRUE,NA
"79","rs138191773","A","G","A","G",-0.0471717,0.223721,0.017021,NA,FALSE,FALSE,FALSE,"PysSjT",71812618,0.291848,0.212243,"outcome",TRUE,"reported","textfile",106,6,72522321,0.00791884,2.59998e-09,NA,"ieu-b-111","triglycerides || id:ieu-b-111",TRUE,"reported","igd",2,1,TRUE,NA
"80","rs139386986","T","C","T","C",-0.0216903,-0.0088103,0.092129,NA,FALSE,FALSE,FALSE,"PysSjT",34668507,0.843761,0.044703,"outcome",TRUE,"reported","textfile",213,12,34821442,0.0035608,1.09999e-09,NA,"ieu-b-111","triglycerides || id:ieu-b-111",TRUE,"reported","igd",2,1,TRUE,NA
"81","rs139974673","C","T","C","T",0.143073,-0.232452,0.026131,NA,FALSE,FALSE,FALSE,"PysSjT",43735687,0.190162,0.177431,"outcome",TRUE,"reported","textfile",238,15,44027885,0.00623867,2.19786e-116,NA,"ieu-b-111","triglycerides || id:ieu-b-111",TRUE,"reported","igd",2,1,TRUE,NA
"82","rs140107293","G","A","G","A",-0.0227003,0.0424915,0.154707,NA,FALSE,FALSE,FALSE,"PysSjT",5225228,0.235047,0.0357836,"outcome",TRUE,"reported","textfile",183,10,5267191,0.00275296,1.59993e-16,NA,"ieu-b-111","triglycerides || id:ieu-b-111",TRUE,"reported","igd",2,1,TRUE,NA
"83","rs1420384","T","G","T","G",-0.01279,0.0289599,0.66699,NA,FALSE,FALSE,FALSE,"PysSjT",170727366,0.282604,0.0269523,"outcome",TRUE,"reported","textfile",43,2,171583876,0.00210534,1.2e-09,NA,"ieu-b-111","triglycerides || id:ieu-b-111",TRUE,"reported","igd",2,1,TRUE,NA
"84","rs143076454","A","G","A","G",0.0403999,-0.128907,0.018647,NA,FALSE,FALSE,FALSE,"PysSjT",871179,0.21939,0.10496,"outcome",TRUE,"reported","textfile",249,16,921179,0.00735364,3.89996e-08,NA,"ieu-b-111","triglycerides || id:ieu-b-111",TRUE,"reported","igd",2,1,TRUE,NA
"85","rs145947882","C","A","C","A",0.137333,0.0789399,0.025952,NA,FALSE,FALSE,FALSE,"PysSjT",43731839,0.276406,0.0725265,"outcome",TRUE,"reported","textfile",275,17,41809207,0.0063668,3.39625e-103,NA,"ieu-b-111","triglycerides || id:ieu-b-111",TRUE,"reported","igd",2,1,TRUE,NA
"86","rs1473886","T","G","T","G",-0.0181218,-0.0110108,0.477624,NA,FALSE,FALSE,FALSE,"PysSjT",20168758,0.662035,0.0251903,"outcome",TRUE,"reported","textfile",25,2,20368519,0.00198519,6.90081e-20,NA,"ieu-b-111","triglycerides || id:ieu-b-111",TRUE,"reported","igd",2,1,TRUE,NA
"87","rs148827772","G","A","G","A",0.0465516,0.0505757,0.022544,NA,FALSE,FALSE,FALSE,"PysSjT",109844908,0.548167,0.0842212,"outcome",TRUE,"reported","textfile",76,4,110766064,0.00710636,5.70033e-11,NA,"ieu-b-111","triglycerides || id:ieu-b-111",TRUE,"reported","igd",2,1,TRUE,NA
"88","rs149142833","T","C","T","C",0.0169358,0.0171104,0.156359,NA,FALSE,FALSE,FALSE,"PysSjT",33600336,0.610023,0.033547,"outcome",TRUE,"reported","textfile",301,20,32188142,0.00276509,9.09997e-10,NA,"ieu-b-111","triglycerides || id:ieu-b-111",TRUE,"reported","igd",2,1,TRUE,NA
"89","rs150419156","A","G","A","G",-0.0505491,0.041155,0.015259,NA,FALSE,FALSE,FALSE,"PysSjT",27522070,0.802913,0.164898,"outcome",TRUE,"reported","textfile",30,2,27744937,0.00847063,2.39999e-09,NA,"ieu-b-111","triglycerides || id:ieu-b-111",TRUE,"reported","igd",2,1,TRUE,NA
"90","rs150423652","T","G","T","G",0.285824,0.0304955,0.006675,NA,FALSE,FALSE,FALSE,"PysSjT",116733100,0.917531,0.294516,"outcome",TRUE,"reported","textfile",191,11,116603816,0.0122924,1.39959e-119,NA,"ieu-b-111","triglycerides || id:ieu-b-111",TRUE,"reported","igd",2,1,TRUE,NA
"91","rs150460588","C","T","C","T",0.0326952,-0.161416,0.044425,NA,FALSE,FALSE,FALSE,"PysSjT",56731259,0.0247879,0.0719099,"outcome",TRUE,"reported","textfile",240,15,57023457,0.00484966,1.59993e-11,NA,"ieu-b-111","triglycerides || id:ieu-b-111",TRUE,"reported","igd",2,1,TRUE,NA
"92","rs150555490","T","C","T","C",-0.0384234,0.00774777,0.056868,NA,FALSE,FALSE,FALSE,"PysSjT",116826365,0.906221,0.0657669,"outcome",TRUE,"reported","textfile",195,11,116697081,0.00427544,2.49977e-19,NA,"ieu-b-111","triglycerides || id:ieu-b-111",TRUE,"reported","igd",2,1,TRUE,NA
"93","rs150564454","A","G","A","G",-0.101751,-0.131699,0.011556,NA,FALSE,FALSE,FALSE,"PysSjT",20114629,0.597248,0.249259,"outcome",TRUE,"reported","textfile",147,8,19972140,0.00963178,4.40048e-26,NA,"ieu-b-111","triglycerides || id:ieu-b-111",TRUE,"reported","igd",2,1,TRUE,NA
"94","rs151235402","T","C","T","C",0.0521833,-0.0768971,0.015827,NA,FALSE,FALSE,FALSE,"PysSjT",588520,0.438225,0.0991972,"outcome",TRUE,"reported","textfile",304,20,569164,0.00815144,1.5e-10,NA,"ieu-b-111","triglycerides || id:ieu-b-111",TRUE,"reported","igd",2,1,TRUE,NA
"95","rs1544980","C","T","C","T",0.0238704,0.00176407,0.198644,NA,FALSE,FALSE,FALSE,"PysSjT",10820471,0.955446,0.0315749,"outcome",TRUE,"reported","textfile",149,8,10677981,0.00248513,7.59976e-22,NA,"ieu-b-111","triglycerides || id:ieu-b-111",TRUE,"reported","igd",2,1,TRUE,NA
"96","rs1567353","G","C","G","C",0.0148202,0.0318199,0.307644,NA,FALSE,TRUE,TRUE,"PysSjT",1033773,0.225699,0.0262645,"outcome",TRUE,"reported","textfile",163,9,1033773,0.00216358,7.39946e-12,NA,"ieu-b-111","triglycerides || id:ieu-b-111",TRUE,"reported","igd",2,1,FALSE,NA
"97","rs17184382","C","A","C","A",-0.0219251,-0.00973465,0.425367,NA,FALSE,FALSE,FALSE,"PysSjT",63500287,0.715474,0.0267058,"outcome",TRUE,"reported","textfile",247,15,63792486,0.00201039,1.10002e-27,NA,"ieu-b-111","triglycerides || id:ieu-b-111",TRUE,"reported","igd",2,1,TRUE,NA
"98","rs17326656","T","G","T","G",0.0174394,0.00124993,0.238472,NA,FALSE,FALSE,FALSE,"PysSjT",48735152,0.970513,0.0338141,"outcome",TRUE,"reported","textfile",46,2,48962291,0.00233365,7.8001e-14,NA,"ieu-b-111","triglycerides || id:ieu-b-111",TRUE,"reported","igd",2,1,TRUE,NA
"99","rs174566","G","A","G","A",0.0485019,-0.0132547,0.34974,NA,FALSE,FALSE,FALSE,"PysSjT",61824890,0.598414,0.0251664,"outcome",TRUE,"reported","textfile",189,11,61592362,0.00207982,2.79898e-120,NA,"ieu-b-111","triglycerides || id:ieu-b-111",TRUE,"reported","igd",2,1,TRUE,NA
"100","rs17585887","C","T","C","T",-0.0285849,0.014001,0.591074,NA,FALSE,FALSE,FALSE,"PysSjT",139514361,0.572891,0.0248334,"outcome",TRUE,"reported","textfile",108,6,139835498,0.00201656,1.29987e-45,NA,"ieu-b-111","triglycerides || id:ieu-b-111",TRUE,"reported","igd",2,1,TRUE,NA
"101","rs1760801","A","G","A","G",-0.0202981,0.00917063,0.295768,NA,FALSE,FALSE,FALSE,"PysSjT",154287174,0.721328,0.0257108,"outcome",TRUE,"reported","textfile",7,1,154259650,0.00218442,1.50003e-20,NA,"ieu-b-111","triglycerides || id:ieu-b-111",TRUE,"reported","igd",2,1,TRUE,NA
"102","rs1799831","T","C","T","C",0.024506,-0.027928,0.156029,NA,FALSE,FALSE,FALSE,"PysSjT",44159543,0.374109,0.031422,"outcome",TRUE,"reported","textfile",134,7,44199142,0.00273953,3.69999e-19,NA,"ieu-b-111","triglycerides || id:ieu-b-111",TRUE,"reported","igd",2,1,TRUE,NA
"103","rs1801689","C","A","C","A",-0.06613,-0.014282,0.030543,NA,FALSE,FALSE,FALSE,"PysSjT",66214462,0.911706,0.128798,"outcome",TRUE,"reported","textfile",263,17,64210580,0.00577722,2.39994e-30,NA,"ieu-b-111","triglycerides || id:ieu-b-111",TRUE,"reported","igd",2,1,TRUE,NA
"104","rs1835346","G","A","G","A",-0.0391877,-0.00595172,0.023874,NA,FALSE,FALSE,FALSE,"PysSjT",160741258,0.955526,0.106723,"outcome",TRUE,"reported","textfile",118,6,161162290,0.00654659,2.19999e-09,NA,"ieu-b-111","triglycerides || id:ieu-b-111",TRUE,"reported","igd",2,1,TRUE,NA
"105","rs186696265","T","C","T","C",-0.104318,-0.0149408,0.014693,NA,FALSE,FALSE,FALSE,"PysSjT",160690668,0.879827,0.0988227,"outcome",TRUE,"reported","textfile",116,6,161111700,0.00828522,2.39994e-36,NA,"ieu-b-111","triglycerides || id:ieu-b-111",TRUE,"reported","igd",2,1,TRUE,NA
"106","rs188247550","T","C","T","C",-0.134286,-0.000546981,0.013117,NA,FALSE,FALSE,FALSE,"PysSjT",19285807,0.992305,0.0567165,"outcome",TRUE,"reported","textfile",294,19,19396616,0.00913128,5.90065e-49,NA,"ieu-b-111","triglycerides || id:ieu-b-111",TRUE,"reported","igd",2,1,TRUE,NA
"107","rs193735","A","G","A","G",0.0329807,-0.0425447,0.036665,NA,FALSE,FALSE,FALSE,"PysSjT",131337265,0.384248,0.0488966,"outcome",TRUE,"reported","textfile",88,5,130672958,0.00529922,4.90004e-10,NA,"ieu-b-111","triglycerides || id:ieu-b-111",TRUE,"reported","igd",2,1,TRUE,NA
"108","rs1938566","T","C","T","C",-0.0212127,-0.0255233,0.834537,NA,FALSE,FALSE,FALSE,"PysSjT",98013425,0.385633,0.0294195,"outcome",TRUE,"reported","textfile",21,1,98478981,0.00267054,1.99986e-15,NA,"ieu-b-111","triglycerides || id:ieu-b-111",TRUE,"reported","igd",2,1,TRUE,NA
"109","rs2043085","C","T","C","T",-0.0308028,0.0318132,0.612184,NA,FALSE,FALSE,FALSE,"PysSjT",58388755,0.206333,0.0251744,"outcome",TRUE,"reported","textfile",241,15,58680954,0.00204157,1.9002e-51,NA,"ieu-b-111","triglycerides || id:ieu-b-111",TRUE,"reported","igd",2,1,TRUE,NA
"110","rs2068888","A","G","A","G",-0.0318216,0.0170219,0.450732,NA,FALSE,FALSE,FALSE,"PysSjT",93079885,0.492921,0.0248252,"outcome",TRUE,"reported","textfile",175,10,94839642,0.00199589,3.19963e-57,NA,"ieu-b-111","triglycerides || id:ieu-b-111",TRUE,"reported","igd",2,1,TRUE,NA
"111","rs2070341","T","C","T","C",0.0113012,-0.0149094,0.60309,NA,FALSE,FALSE,FALSE,"PysSjT",24076166,0.565683,0.0259555,"outcome",TRUE,"reported","textfile",232,14,24545375,0.00203413,2.80001e-08,NA,"ieu-b-111","triglycerides || id:ieu-b-111",TRUE,"reported","igd",2,1,TRUE,NA
"112","rs2071887","A","T","A","T",0.016312,0.0194262,0.344804,NA,FALSE,TRUE,TRUE,"PysSjT",38483005,0.450572,0.0257484,"outcome",TRUE,"reported","textfile",312,22,38879010,0.00209671,7.29962e-15,NA,"ieu-b-111","triglycerides || id:ieu-b-111",TRUE,"reported","igd",2,1,FALSE,NA
"113","rs2081194","C","G","C","G",-0.0214115,-0.0156181,0.600934,NA,FALSE,TRUE,TRUE,"PysSjT",48760220,0.553855,0.0263823,"outcome",TRUE,"reported","textfile",296,19,49263477,0.00207674,6.29941e-25,NA,"ieu-b-111","triglycerides || id:ieu-b-111",TRUE,"reported","igd",2,1,FALSE,NA
"114","rs2081687","C","T","C","T",-0.0261379,0.0187531,0.663201,NA,FALSE,FALSE,FALSE,"PysSjT",58476006,0.462416,0.0255188,"outcome",TRUE,"reported","textfile",151,8,59388565,0.00209126,7.59976e-36,NA,"ieu-b-111","triglycerides || id:ieu-b-111",TRUE,"reported","igd",2,1,TRUE,NA
"115","rs2092203","T","C","T","C",0.0136756,0.0371852,0.481154,NA,FALSE,FALSE,FALSE,"PysSjT",41229905,0.135229,0.0248932,"outcome",TRUE,"reported","textfile",298,20,39858545,0.00199323,6.79986e-12,NA,"ieu-b-111","triglycerides || id:ieu-b-111",TRUE,"reported","igd",2,1,TRUE,NA
"116","rs2131311","G","A","G","A",-0.0124181,0.0182566,0.714636,NA,FALSE,FALSE,FALSE,"PysSjT",39970327,0.508778,0.0276304,"outcome",TRUE,"reported","textfile",19,1,40435999,0.00222753,2.5e-08,NA,"ieu-b-111","triglycerides || id:ieu-b-111",TRUE,"reported","igd",2,1,TRUE,NA
"117","rs2131919","G","A","G","A",0.0173511,0.00612717,0.164266,NA,FALSE,FALSE,FALSE,"PysSjT",92521605,0.849135,0.0322105,"outcome",TRUE,"reported","textfile",167,9,95283887,0.00268396,1e-10,NA,"ieu-b-111","triglycerides || id:ieu-b-111",TRUE,"reported","igd",2,1,TRUE,NA
"118","rs213494","T","C","T","C",0.0156106,-0.00480266,0.648345,NA,FALSE,FALSE,FALSE,"PysSjT",54411430,0.861903,0.0276091,"outcome",TRUE,"reported","textfile",11,1,54877103,0.00207578,5.50047e-14,NA,"ieu-b-111","triglycerides || id:ieu-b-111",TRUE,"reported","igd",2,1,TRUE,NA
"119","rs2137557","C","T","C","T",0.0117624,0.00273501,0.645612,NA,FALSE,FALSE,FALSE,"PysSjT",188721448,0.91758,0.0264298,"outcome",TRUE,"reported","textfile",54,3,188439236,0.00208003,1.6e-08,NA,"ieu-b-111","triglycerides || id:ieu-b-111",TRUE,"reported","igd",2,1,TRUE,NA
"120","rs2187114","A","G","A","G",-0.0185151,-0.0348188,0.101024,NA,FALSE,FALSE,FALSE,"PysSjT",72850603,0.361511,0.0381581,"outcome",TRUE,"reported","textfile",279,18,70517838,0.00330375,2.1e-08,NA,"ieu-b-111","triglycerides || id:ieu-b-111",TRUE,"reported","igd",2,1,TRUE,NA
"121","rs2237029","A","G","A","G",-0.0139399,0.0171137,0.601353,NA,FALSE,FALSE,FALSE,"PysSjT",54669170,0.502834,0.0255415,"outcome",TRUE,"reported","textfile",70,4,55535336,0.00204019,8.30042e-12,NA,"ieu-b-111","triglycerides || id:ieu-b-111",TRUE,"reported","igd",2,1,TRUE,NA
"122","rs2240466","A","G","A","G",-0.122769,0.0187383,0.122916,NA,FALSE,FALSE,FALSE,"PysSjT",73441939,0.617004,0.0374691,"outcome",TRUE,"reported","textfile",128,7,72856269,0.00301848,1e-200,NA,"ieu-b-111","triglycerides || id:ieu-b-111",TRUE,"reported","igd",2,1,TRUE,NA
"123","rs2240533","C","T","C","T",-0.0129897,-0.00560686,0.309898,NA,FALSE,FALSE,FALSE,"PysSjT",71074309,0.836719,0.0272056,"outcome",TRUE,"reported","textfile",233,14,71541026,0.00215234,1.6e-09,NA,"ieu-b-111","triglycerides || id:ieu-b-111",TRUE,"reported","igd",2,1,TRUE,NA
"124","rs2244278","A","C","A","C",-0.0269912,-0.0432442,0.120553,NA,FALSE,FALSE,FALSE,"PysSjT",104898848,0.315684,0.0430991,"outcome",TRUE,"reported","textfile",161,9,107661129,0.00306133,1.20005e-18,NA,"ieu-b-111","triglycerides || id:ieu-b-111",TRUE,"reported","igd",2,1,TRUE,NA
"125","rs2267373","T","C","T","C",0.0215638,-0.00563971,0.580693,NA,FALSE,FALSE,FALSE,"PysSjT",38204535,0.823906,0.0253443,"outcome",TRUE,"reported","textfile",310,22,38600542,0.00202145,1.39991e-26,NA,"ieu-b-111","triglycerides || id:ieu-b-111",TRUE,"reported","igd",2,1,TRUE,NA
"126","rs2302263","T","C","T","C",0.0436112,0.0551691,0.088863,NA,FALSE,FALSE,FALSE,"PysSjT",64254349,0.138787,0.0372683,"outcome",TRUE,"reported","textfile",202,11,64021821,0.00349051,8.00018e-36,NA,"ieu-b-111","triglycerides || id:ieu-b-111",TRUE,"reported","igd",2,1,TRUE,NA
"127","rs2304969","T","G","T","G",-0.0161469,0.048055,0.144932,NA,FALSE,FALSE,FALSE,"PysSjT",4789264,0.0875165,0.0281246,"outcome",TRUE,"reported","textfile",268,17,4692559,0.0028501,1.5e-08,NA,"ieu-b-111","triglycerides || id:ieu-b-111",TRUE,"reported","igd",2,1,TRUE,NA
"128","rs2305746","G","A","G","A",0.0282544,0.00602373,0.933319,NA,FALSE,FALSE,FALSE,"PysSjT",35065396,0.906966,0.0515439,"outcome",TRUE,"reported","textfile",288,19,35556300,0.0039744,1.20005e-12,NA,"ieu-b-111","triglycerides || id:ieu-b-111",TRUE,"reported","igd",2,1,TRUE,NA
"129","rs2382825","T","C","T","C",-0.0134774,0.0156016,0.622954,NA,FALSE,FALSE,FALSE,"PysSjT",218319552,0.578061,0.0280494,"outcome",TRUE,"reported","textfile",27,2,219184275,0.00204919,4.79954e-11,NA,"ieu-b-111","triglycerides || id:ieu-b-111",TRUE,"reported","igd",2,1,TRUE,NA
"130","rs2407278","G","A","G","A",-0.0339449,0.0356554,0.030154,NA,FALSE,FALSE,FALSE,"PysSjT",37541772,0.521072,0.0555645,"outcome",TRUE,"reported","textfile",159,8,37399290,0.00581961,5.39995e-09,NA,"ieu-b-111","triglycerides || id:ieu-b-111",TRUE,"reported","igd",2,1,TRUE,NA
"131","rs2487294","T","G","T","G",0.0183191,0.00209273,0.723477,NA,FALSE,FALSE,FALSE,"PysSjT",112178183,0.937349,0.0266245,"outcome",TRUE,"reported","textfile",182,10,113937941,0.00222084,1.59993e-16,NA,"ieu-b-111","triglycerides || id:ieu-b-111",TRUE,"reported","igd",2,1,TRUE,NA
"132","rs2604568","A","T","A","T",0.0116923,0.0108261,0.663895,NA,FALSE,TRUE,TRUE,"PysSjT",15100894,0.70161,0.0282557,"outcome",TRUE,"reported","textfile",78,4,15102518,0.00210543,2.80001e-08,NA,"ieu-b-111","triglycerides || id:ieu-b-111",TRUE,"reported","igd",2,1,FALSE,NA
"133","rs2699805","A","G","A","G",-0.0201313,0.00203968,0.399672,NA,FALSE,FALSE,FALSE,"PysSjT",26354677,0.935955,0.0253836,"outcome",TRUE,"reported","textfile",138,7,26394297,0.00203748,5.10035e-23,NA,"ieu-b-111","triglycerides || id:ieu-b-111",TRUE,"reported","igd",2,1,TRUE,NA
"134","rs275184","G","T","G","T",-0.0173487,-0.0248645,0.162051,NA,FALSE,FALSE,FALSE,"PysSjT",39152478,0.426485,0.0312674,"outcome",TRUE,"reported","textfile",246,15,39444679,0.00275263,2.90001e-10,NA,"ieu-b-111","triglycerides || id:ieu-b-111",TRUE,"reported","igd",2,1,TRUE,NA
"135","rs2773469","G","A","G","A",-0.0188717,-0.0247507,0.733286,NA,FALSE,FALSE,FALSE,"PysSjT",114039136,0.384557,0.0284645,"outcome",TRUE,"reported","textfile",186,10,115798895,0.00225426,5.70033e-17,NA,"ieu-b-111","triglycerides || id:ieu-b-111",TRUE,"reported","igd",2,1,TRUE,NA
"136","rs278981","C","T","C","T",0.0125871,-0.0518136,0.758155,NA,FALSE,FALSE,FALSE,"PysSjT",40425993,0.0783177,0.0294307,"outcome",TRUE,"reported","textfile",79,4,40428010,0.00229058,3.89996e-08,NA,"ieu-b-111","triglycerides || id:ieu-b-111",TRUE,"reported","igd",2,1,TRUE,NA
"137","rs2812208","C","G","C","G",-0.048426,0.00248047,0.02089,NA,FALSE,TRUE,TRUE,"PysSjT",50132951,0.976915,0.0857196,"outcome",TRUE,"reported","textfile",230,13,50707087,0.00696323,3.50026e-12,NA,"ieu-b-111","triglycerides || id:ieu-b-111",TRUE,"reported","igd",2,1,FALSE,NA
"138","rs28383314","C","T","C","T",0.0379005,-0.0485697,0.624109,NA,FALSE,FALSE,FALSE,"PysSjT",32619436,0.0709856,0.0268999,"outcome",TRUE,"reported","textfile",111,6,32587213,0.00204671,1.50003e-76,NA,"ieu-b-111","triglycerides || id:ieu-b-111",TRUE,"reported","igd",2,1,TRUE,NA
"139","rs28439112","A","T","A","T",0.0126014,-0.0537107,0.255528,NA,FALSE,TRUE,TRUE,"PysSjT",63752132,0.0864809,0.0313316,"outcome",TRUE,"reported","textfile",160,8,64664690,0.00226754,2.69998e-08,NA,"ieu-b-111","triglycerides || id:ieu-b-111",TRUE,"reported","igd",2,1,FALSE,NA
"140","rs28577186","A","G","A","G",-0.0163428,-0.00845039,0.664571,NA,FALSE,FALSE,FALSE,"PysSjT",4438190,0.744322,0.0259107,"outcome",TRUE,"reported","textfile",257,16,4488191,0.00211672,1.20005e-14,NA,"ieu-b-111","triglycerides || id:ieu-b-111",TRUE,"reported","igd",2,1,TRUE,NA
"141","rs28752924","G","T","G","A",0.0243875,-0.00887459,0.243148,NA,TRUE,FALSE,FALSE,"PysSjT",31336145,0.721519,0.0248986,"outcome",TRUE,"reported","textfile",104,6,31303922,0.00276364,1.10002e-18,NA,"ieu-b-111","triglycerides || id:ieu-b-111",TRUE,"reported","igd",2,1,FALSE,NA
"142","rs2925979","C","T","C","T",-0.0322092,-0.00277256,0.699976,NA,FALSE,FALSE,FALSE,"PysSjT",81501185,0.916949,0.0265882,"outcome",TRUE,"reported","textfile",258,16,81534790,0.00217095,8.49963e-50,NA,"ieu-b-111","triglycerides || id:ieu-b-111",TRUE,"reported","igd",2,1,TRUE,NA
"143","rs2937124","T","C","T","C",-0.0182561,-0.0014362,0.362769,NA,FALSE,FALSE,FALSE,"PysSjT",69828206,0.955085,0.0254997,"outcome",TRUE,"reported","textfile",251,16,69862109,0.00212336,8.10028e-18,NA,"ieu-b-111","triglycerides || id:ieu-b-111",TRUE,"reported","igd",2,1,TRUE,NA
"144","rs2943645","T","C","T","C",0.0402918,0.00796328,0.646594,NA,FALSE,FALSE,FALSE,"PysSjT",226234464,0.757413,0.0257811,"outcome",TRUE,"reported","textfile",35,2,227099180,0.00207151,2.90001e-84,NA,"ieu-b-111","triglycerides || id:ieu-b-111",TRUE,"reported","igd",2,1,TRUE,NA
"145","rs2983896","A","G","A","G",0.0137912,-0.00421547,0.21474,NA,FALSE,FALSE,FALSE,"PysSjT",96581995,0.894087,0.0316632,"outcome",TRUE,"reported","textfile",121,6,97029871,0.00242177,1.2e-08,NA,"ieu-b-111","triglycerides || id:ieu-b-111",TRUE,"reported","igd",2,1,TRUE,NA
"146","rs308","G","T","G","T",-0.159413,0.0893089,0.020597,NA,FALSE,FALSE,FALSE,"PysSjT",19959965,0.220693,0.0729239,"outcome",TRUE,"reported","textfile",154,8,19817476,0.00698442,2.60016e-115,NA,"ieu-b-111","triglycerides || id:ieu-b-111",TRUE,"reported","igd",2,1,TRUE,NA
"147","rs3103310","G","A","G","A",0.0202549,-0.0681073,0.241785,NA,FALSE,FALSE,FALSE,"PysSjT",12431546,0.0410289,0.033333,"outcome",TRUE,"reported","textfile",57,3,12473045,0.00236652,1.10002e-17,NA,"ieu-b-111","triglycerides || id:ieu-b-111",TRUE,"reported","igd",2,1,TRUE,NA
"148","rs320369","G","A","G","A",-0.0125327,-0.0102026,0.683292,NA,FALSE,FALSE,FALSE,"PysSjT",117600895,0.691449,0.0257062,"outcome",TRUE,"reported","textfile",13,1,118143517,0.00214567,5.19996e-09,NA,"ieu-b-111","triglycerides || id:ieu-b-111",TRUE,"reported","igd",2,1,TRUE,NA
"149","rs325485","G","A","G","A",-0.0117435,0.0243042,0.602889,NA,FALSE,FALSE,FALSE,"PysSjT",104659667,0.351319,0.0260765,"outcome",TRUE,"reported","textfile",101,5,103995368,0.00204042,8.60003e-09,NA,"ieu-b-111","triglycerides || id:ieu-b-111",TRUE,"reported","igd",2,1,TRUE,NA
"150","rs326222","C","T","C","T",0.0252203,-0.0339551,0.697957,NA,FALSE,FALSE,FALSE,"PysSjT",47238117,0.181815,0.0254309,"outcome",TRUE,"reported","textfile",200,11,47259668,0.00215698,1.39991e-31,NA,"ieu-b-111","triglycerides || id:ieu-b-111",TRUE,"reported","igd",2,1,TRUE,NA
"151","rs343","A","C","A","C",-0.141493,-0.0817064,0.083129,NA,FALSE,FALSE,FALSE,"PysSjT",19953276,0.109678,0.0510779,"outcome",TRUE,"reported","textfile",150,8,19810787,0.00361052,1e-200,NA,"ieu-b-111","triglycerides || id:ieu-b-111",TRUE,"reported","igd",2,1,TRUE,NA
"152","rs34389637","C","CT","C","CT",0.025209,-0.0308747,0.934514,NA,FALSE,FALSE,FALSE,"PysSjT",12090516,0.498431,0.0456077,"outcome",TRUE,"reported","textfile",64,3,12132016,0.0040263,3.79997e-10,NA,"ieu-b-111","triglycerides || id:ieu-b-111",TRUE,"reported","igd",2,1,TRUE,NA
"153","rs34682685","A","G","A","G",0.0337428,-0.107678,0.104198,NA,FALSE,FALSE,FALSE,"PysSjT",72062328,0.0431887,0.0532562,"outcome",TRUE,"reported","textfile",255,16,72096227,0.00326987,5.79963e-25,NA,"ieu-b-111","triglycerides || id:ieu-b-111",TRUE,"reported","igd",2,1,TRUE,NA
"154","rs35140741","CAAAAAAAA","C","GT","G",-0.0155759,0.0190291,0.634615,NA,TRUE,FALSE,FALSE,"PysSjT",15867061,0.467168,0.0261714,"outcome",TRUE,"reported","textfile",126,7,15906686,0.00206772,5.00035e-14,NA,"ieu-b-111","triglycerides || id:ieu-b-111",TRUE,"reported","igd",2,1,FALSE,NA
"155","rs35763453","C","T","C","T",0.02845,-0.0749874,0.058647,NA,FALSE,FALSE,FALSE,"PysSjT",45822112,0.263133,0.0670119,"outcome",TRUE,"reported","textfile",220,12,46215895,0.00435137,6.20012e-11,NA,"ieu-b-111","triglycerides || id:ieu-b-111",TRUE,"reported","igd",2,1,TRUE,NA
"156","rs36043408","A","G","A","G",-0.0128072,0.0284257,0.502153,NA,FALSE,FALSE,FALSE,"PysSjT",203542364,0.25388,0.0249135,"outcome",TRUE,"reported","textfile",16,1,203511492,0.00198554,1.09999e-10,NA,"ieu-b-111","triglycerides || id:ieu-b-111",TRUE,"reported","igd",2,1,TRUE,NA
"157","rs3731696","G","A","G","A",0.0218939,0.0409037,0.121188,NA,FALSE,FALSE,FALSE,"PysSjT",202567081,0.281427,0.0379751,"outcome",TRUE,"reported","textfile",33,2,203431804,0.00303176,5.10035e-13,NA,"ieu-b-111","triglycerides || id:ieu-b-111",TRUE,"reported","igd",2,1,TRUE,NA
"158","rs3758413","C","T","C","T",0.0111232,0.0109862,0.417724,NA,FALSE,FALSE,FALSE,"PysSjT",17226840,0.663535,0.0252536,"outcome",TRUE,"reported","textfile",184,10,17268839,0.00201767,3.50002e-08,NA,"ieu-b-111","triglycerides || id:ieu-b-111",TRUE,"reported","igd",2,1,TRUE,NA
"159","rs3775228","T","C","T","C",0.0338197,-0.0203873,0.399717,NA,FALSE,FALSE,FALSE,"PysSjT",87064014,0.421957,0.025388,"outcome",TRUE,"reported","textfile",80,4,87985166,0.00203602,5.79963e-62,NA,"ieu-b-111","triglycerides || id:ieu-b-111",TRUE,"reported","igd",2,1,TRUE,NA
"160","rs3808477","T","C","T","C",-0.0133854,0.0510588,0.279294,NA,FALSE,FALSE,FALSE,"PysSjT",115658120,0.0567388,0.026798,"outcome",TRUE,"reported","textfile",156,8,116670347,0.00220342,1.2e-09,NA,"ieu-b-111","triglycerides || id:ieu-b-111",TRUE,"reported","igd",2,1,TRUE,NA
"161","rs3814883","T","C","T","C",0.0148926,0.0101841,0.482498,NA,FALSE,FALSE,FALSE,"PysSjT",29983601,0.686324,0.0252175,"outcome",TRUE,"reported","textfile",253,16,29994922,0.00199657,8.69961e-14,NA,"ieu-b-111","triglycerides || id:ieu-b-111",TRUE,"reported","igd",2,1,TRUE,NA
"162","rs3820897","C","T","C","T",0.0197269,-0.0113352,0.819861,NA,FALSE,FALSE,FALSE,"PysSjT",3594771,0.666168,0.0262745,"outcome",TRUE,"reported","textfile",37,2,3642361,0.00260304,3.50026e-14,NA,"ieu-b-111","triglycerides || id:ieu-b-111",TRUE,"reported","igd",2,1,TRUE,NA
"163","rs3860846","T","C","T","C",0.0297027,-0.0405292,0.27531,NA,FALSE,FALSE,FALSE,"PysSjT",125619443,0.169971,0.0295338,"outcome",TRUE,"reported","textfile",148,8,126631687,0.00224011,4.00037e-40,NA,"ieu-b-111","triglycerides || id:ieu-b-111",TRUE,"reported","igd",2,1,TRUE,NA
"164","rs394872","T","C","T","C",0.0111807,-0.0357443,0.536237,NA,FALSE,FALSE,FALSE,"PysSjT",45162185,0.153117,0.0250204,"outcome",TRUE,"reported","textfile",306,21,46582100,0.00200285,2.39999e-08,NA,"ieu-b-111","triglycerides || id:ieu-b-111",TRUE,"reported","igd",2,1,TRUE,NA
"165","rs3974807","T","C","T","C",0.0159776,0.0395571,0.189267,NA,FALSE,FALSE,FALSE,"PysSjT",49140415,0.250022,0.0343887,"outcome",TRUE,"reported","textfile",205,11,49161967,0.00253125,2.80001e-10,NA,"ieu-b-111","triglycerides || id:ieu-b-111",TRUE,"reported","igd",2,1,TRUE,NA
"166","rs4128205","C","A","C","A",0.0115011,0.0295292,0.509173,NA,FALSE,FALSE,FALSE,"PysSjT",164610558,0.240795,0.0251741,"outcome",TRUE,"reported","textfile",45,2,165467068,0.00199472,8.10009e-09,NA,"ieu-b-111","triglycerides || id:ieu-b-111",TRUE,"reported","igd",2,1,TRUE,NA
"167","rs4134963","T","C","T","C",-0.0189544,-0.0574041,0.189878,NA,FALSE,FALSE,FALSE,"PysSjT",20486567,0.0691704,0.0315874,"outcome",TRUE,"reported","textfile",110,6,20486798,0.00254235,8.99912e-14,NA,"ieu-b-111","triglycerides || id:ieu-b-111",TRUE,"reported","igd",2,1,TRUE,NA
"168","rs41785","A","C","A","C",-0.0150445,-0.0204016,0.417487,NA,FALSE,FALSE,FALSE,"PysSjT",116845966,0.42229,0.025424,"outcome",TRUE,"reported","textfile",129,7,116486020,0.00201492,8.19974e-14,NA,"ieu-b-111","triglycerides || id:ieu-b-111",TRUE,"reported","igd",2,1,TRUE,NA
"169","rs4253750","C","T","C","T",0.0177576,0.0347169,0.214455,NA,FALSE,FALSE,FALSE,"PysSjT",46217955,0.297237,0.0333055,"outcome",TRUE,"reported","textfile",313,22,46613852,0.00243701,3.19963e-13,NA,"ieu-b-111","triglycerides || id:ieu-b-111",TRUE,"reported","igd",2,1,TRUE,NA
"170","rs4471666","G","T","G","T",-0.022461,-0.00877872,0.069488,NA,FALSE,FALSE,FALSE,"PysSjT",85165359,0.844051,0.0446268,"outcome",TRUE,"reported","textfile",256,16,85198965,0.00396699,1.5e-08,NA,"ieu-b-111","triglycerides || id:ieu-b-111",TRUE,"reported","igd",2,1,TRUE,NA
"171","rs4665972","C","T","C","T",-0.10025,0.0125279,0.604587,NA,FALSE,FALSE,FALSE,"PysSjT",27375230,0.625626,0.0256776,"outcome",TRUE,"reported","textfile",29,2,27598097,0.00203577,1e-200,NA,"ieu-b-111","triglycerides || id:ieu-b-111",TRUE,"reported","igd",2,1,TRUE,NA
"172","rs4675812","A","G","A","G",-0.0142305,0.0393068,0.587882,NA,FALSE,FALSE,FALSE,"PysSjT",241456259,0.123615,0.0255276,"outcome",TRUE,"reported","textfile",50,2,242395674,0.00201176,1.50003e-12,NA,"ieu-b-111","triglycerides || id:ieu-b-111",TRUE,"reported","igd",2,1,TRUE,NA
"173","rs4731701","T","C","T","C",-0.0325803,-0.00395885,0.493088,NA,FALSE,FALSE,FALSE,"PysSjT",130746171,0.87366,0.0248967,"outcome",TRUE,"reported","textfile",143,7,130430930,0.00198921,2.70023e-60,NA,"ieu-b-111","triglycerides || id:ieu-b-111",TRUE,"reported","igd",2,1,TRUE,NA
"174","rs4760254","C","G","C","G",-0.0281414,0.0269156,0.23908,NA,FALSE,TRUE,TRUE,"PysSjT",57372609,0.358877,0.0293356,"outcome",TRUE,"reported","textfile",212,12,57766392,0.00232488,1e-33,NA,"ieu-b-111","triglycerides || id:ieu-b-111",TRUE,"reported","igd",2,1,FALSE,NA
"175","rs4761234","C","T","C","T",-0.0140236,-0.0110738,0.484365,NA,FALSE,FALSE,FALSE,"PysSjT",69338325,0.660578,0.0252184,"outcome",TRUE,"reported","textfile",214,12,69732105,0.00199376,1.99986e-12,NA,"ieu-b-111","triglycerides || id:ieu-b-111",TRUE,"reported","igd",2,1,TRUE,NA
"176","rs4765148","T","G","T","G",-0.0251537,-0.0201332,0.312686,NA,FALSE,FALSE,FALSE,"PysSjT",123994090,0.464832,0.0275453,"outcome",TRUE,"reported","textfile",222,12,124478637,0.0021456,9.70063e-32,NA,"ieu-b-111","triglycerides || id:ieu-b-111",TRUE,"reported","igd",2,1,TRUE,NA
"177","rs480823","C","T","C","T",0.15572,-0.0988515,0.078996,NA,FALSE,FALSE,FALSE,"PysSjT",116655013,0.00417859,0.0345109,"outcome",TRUE,"reported","textfile",190,11,116525730,0.00371974,1e-200,NA,"ieu-b-111","triglycerides || id:ieu-b-111",TRUE,"reported","igd",2,1,TRUE,NA
"178","rs483082","T","G","T","G",0.0862119,0.348093,0.23535,NA,FALSE,FALSE,FALSE,"PysSjT",44912921,8.47618e-35,0.028288,"outcome",TRUE,"reported","textfile",291,19,45416178,0.00234474,1e-200,NA,"ieu-b-111","triglycerides || id:ieu-b-111",TRUE,"reported","igd",2,1,TRUE,NA
"179","rs483808","T","C","T","C",-0.0136636,-0.0262991,0.701973,NA,FALSE,FALSE,FALSE,"PysSjT",7892596,0.305636,0.0256721,"outcome",TRUE,"reported","textfile",286,19,7957481,0.00218517,4e-10,NA,"ieu-b-111","triglycerides || id:ieu-b-111",TRUE,"reported","igd",2,1,TRUE,NA
"180","rs4841580","C","T","C","T",-0.0245383,0.0415795,0.434941,NA,FALSE,FALSE,FALSE,"PysSjT",11660468,0.0956357,0.0249519,"outcome",TRUE,"reported","textfile",144,8,11517977,0.00200093,1.39991e-34,NA,"ieu-b-111","triglycerides || id:ieu-b-111",TRUE,"reported","igd",2,1,TRUE,NA
"181","rs4969179","G","T","G","T",-0.0177529,-0.00250294,0.60445,NA,FALSE,FALSE,FALSE,"PysSjT",78395373,0.926976,0.0273099,"outcome",TRUE,"reported","textfile",266,17,76391454,0.00203649,2.80027e-18,NA,"ieu-b-111","triglycerides || id:ieu-b-111",TRUE,"reported","igd",2,1,TRUE,NA
"182","rs4976033","G","A","G","A",0.0177909,0.00981602,0.402122,NA,FALSE,FALSE,FALSE,"PysSjT",68418419,0.697845,0.025284,"outcome",TRUE,"reported","textfile",93,5,67714246,0.00205178,4.30031e-18,NA,"ieu-b-111","triglycerides || id:ieu-b-111",TRUE,"reported","igd",2,1,TRUE,NA
"183","rs499293","A","G","A","G",-0.0117912,0.0286126,0.65807,NA,FALSE,FALSE,FALSE,"PysSjT",30483113,0.265407,0.0256915,"outcome",TRUE,"reported","textfile",188,11,30504660,0.00208902,1.7e-08,NA,"ieu-b-111","triglycerides || id:ieu-b-111",TRUE,"reported","igd",2,1,TRUE,NA
"184","rs5112","G","C","G","C",0.0684501,-0.09802,0.533428,NA,FALSE,TRUE,TRUE,"PysSjT",44927023,0.000113572,0.0253964,"outcome",TRUE,"reported","textfile",283,19,45430280,0.00213412,1e-200,NA,"ieu-b-111","triglycerides || id:ieu-b-111",TRUE,"reported","igd",2,1,FALSE,NA
"185","rs551243","C","G","C","G",0.0143952,-0.0242508,0.469258,NA,FALSE,TRUE,TRUE,"PysSjT",66307012,0.332018,0.0249993,"outcome",TRUE,"reported","textfile",192,11,66074483,0.00199178,4.90004e-13,NA,"ieu-b-111","triglycerides || id:ieu-b-111",TRUE,"reported","igd",2,1,FALSE,NA
"186","rs55646464","T","G","T","G",0.0121913,0.0124316,0.300087,NA,FALSE,FALSE,FALSE,"PysSjT",173897968,0.622815,0.0252743,"outcome",TRUE,"reported","textfile",85,5,173324971,0.00217016,1.89998e-08,NA,"ieu-b-111","triglycerides || id:ieu-b-111",TRUE,"reported","igd",2,1,TRUE,NA
"187","rs55767272","C","A","C","A",-0.0282011,0.0804274,0.065077,NA,FALSE,FALSE,FALSE,"PysSjT",61942813,0.138564,0.0543003,"outcome",TRUE,"reported","textfile",179,10,63702572,0.00403602,2.80027e-12,NA,"ieu-b-111","triglycerides || id:ieu-b-111",TRUE,"reported","igd",2,1,TRUE,NA
"188","rs55966194","G","C","G","C",-0.0178509,-0.0152884,0.281997,NA,FALSE,TRUE,TRUE,"PysSjT",46970451,0.614057,0.0303167,"outcome",TRUE,"reported","textfile",303,20,45599090,0.00221245,7.10068e-16,NA,"ieu-b-111","triglycerides || id:ieu-b-111",TRUE,"reported","igd",2,1,FALSE,NA
"189","rs56397607","G","A","G","A",0.0174851,0.00906966,0.182538,NA,FALSE,FALSE,FALSE,"PysSjT",112282885,0.786819,0.0335364,"outcome",TRUE,"reported","textfile",176,10,114042643,0.00257608,1.10002e-11,NA,"ieu-b-111","triglycerides || id:ieu-b-111",TRUE,"reported","igd",2,1,TRUE,NA
"190","rs56902258","A","T","A","T",-0.0151434,0.0436128,0.196198,NA,FALSE,TRUE,TRUE,"PysSjT",23263905,0.16324,0.0312803,"outcome",TRUE,"reported","textfile",237,14,23733114,0.0025129,1.7e-09,NA,"ieu-b-111","triglycerides || id:ieu-b-111",TRUE,"reported","igd",2,1,FALSE,NA
"191","rs5755799","G","C","G","C",0.0118859,0.00534384,0.453747,NA,FALSE,TRUE,TRUE,"PysSjT",35616817,0.829265,0.0247808,"outcome",TRUE,"reported","textfile",311,22,36012864,0.00200343,2.99999e-09,NA,"ieu-b-111","triglycerides || id:ieu-b-111",TRUE,"reported","igd",2,1,FALSE,NA
"192","rs581080","C","G","C","G",0.0175432,-0.00203515,0.819008,NA,FALSE,TRUE,TRUE,"PysSjT",15305380,0.954296,0.0355094,"outcome",TRUE,"reported","textfile",164,9,15305378,0.00258442,1.10002e-11,NA,"ieu-b-111","triglycerides || id:ieu-b-111",TRUE,"reported","igd",2,1,FALSE,NA
"193","rs58542926","T","C","T","C",-0.103184,-0.0999107,0.074608,NA,FALSE,FALSE,FALSE,"PysSjT",19268740,0.051047,0.0512078,"outcome",TRUE,"reported","textfile",293,19,19379549,0.00378074,5.29663e-164,NA,"ieu-b-111","triglycerides || id:ieu-b-111",TRUE,"reported","igd",2,1,TRUE,NA
"194","rs6028716","A","G","A","G",-0.0128217,0.0075166,0.258428,NA,FALSE,FALSE,FALSE,"PysSjT",39918817,0.814629,0.0320594,"outcome",TRUE,"reported","textfile",302,20,38547459,0.00228302,2e-08,NA,"ieu-b-111","triglycerides || id:ieu-b-111",TRUE,"reported","igd",2,1,TRUE,NA
"195","rs6073958","C","T","C","T",0.0556952,0.00375574,0.198674,NA,FALSE,FALSE,FALSE,"PysSjT",45923216,0.907969,0.0324888,"outcome",TRUE,"reported","textfile",299,20,44551855,0.00249344,1.59956e-110,NA,"ieu-b-111","triglycerides || id:ieu-b-111",TRUE,"reported","igd",2,1,TRUE,NA
"196","rs60856912","T","G","T","G",0.0248329,-0.0242789,0.162906,NA,FALSE,FALSE,FALSE,"PysSjT",67896227,0.420658,0.0301496,"outcome",TRUE,"reported","textfile",264,17,65892343,0.00270829,4.79954e-20,NA,"ieu-b-111","triglycerides || id:ieu-b-111",TRUE,"reported","igd",2,1,TRUE,NA
"197","rs61729990","A","C","A","C",-0.0558488,-0.142409,0.017888,NA,FALSE,FALSE,FALSE,"PysSjT",117181816,0.338347,0.14874,"outcome",TRUE,"reported","textfile",196,11,117052532,0.00752135,1.10002e-13,NA,"ieu-b-111","triglycerides || id:ieu-b-111",TRUE,"reported","igd",2,1,TRUE,NA
"198","rs61830291","C","A","C","A",0.0287484,-0.0228927,0.095791,NA,FALSE,FALSE,FALSE,"PysSjT",220827800,0.556427,0.0389229,"outcome",TRUE,"reported","textfile",17,1,221001142,0.00337913,1.80011e-17,NA,"ieu-b-111","triglycerides || id:ieu-b-111",TRUE,"reported","igd",2,1,TRUE,NA
"199","rs61905078","C","A","C","A",0.199898,-0.0357345,0.073841,NA,FALSE,FALSE,FALSE,"PysSjT",116725593,0.374542,0.0402416,"outcome",TRUE,"reported","textfile",194,11,116596309,0.00379494,1e-200,NA,"ieu-b-111","triglycerides || id:ieu-b-111",TRUE,"reported","igd",2,1,TRUE,NA
"200","rs61993685","C","T","C","T",-0.0234087,0.0408621,0.076413,NA,FALSE,FALSE,FALSE,"PysSjT",100299486,0.370673,0.0456451,"outcome",TRUE,"reported","textfile",234,14,100765823,0.00373997,3.89996e-10,NA,"ieu-b-111","triglycerides || id:ieu-b-111",TRUE,"reported","igd",2,1,TRUE,NA
"201","rs62102718","T","A","T","A",0.0202348,0.0229602,0.286196,NA,FALSE,TRUE,TRUE,"PysSjT",33400107,0.402155,0.027406,"outcome",TRUE,"reported","textfile",282,19,33891013,0.00220142,3.90032e-20,NA,"ieu-b-111","triglycerides || id:ieu-b-111",TRUE,"reported","igd",2,1,FALSE,NA
"202","rs62112763","G","C","G","C",0.01935,-0.0521891,0.438929,NA,FALSE,TRUE,TRUE,"PysSjT",7220002,0.0373396,0.0250665,"outcome",TRUE,"reported","textfile",285,19,7220013,0.00200786,5.60015e-22,NA,"ieu-b-111","triglycerides || id:ieu-b-111",TRUE,"reported","igd",2,1,FALSE,NA
"203","rs62117489","A","C","A","C",-0.0427743,0.0797055,0.056432,NA,FALSE,FALSE,FALSE,"PysSjT",8377318,0.24472,0.0685185,"outcome",TRUE,"reported","textfile",287,19,8442202,0.00431389,3.59998e-23,NA,"ieu-b-111","triglycerides || id:ieu-b-111",TRUE,"reported","igd",2,1,TRUE,NA
"204","rs62128802","T","C","T","C",-0.0158746,-0.0148866,0.183216,NA,FALSE,FALSE,FALSE,"PysSjT",47838557,0.652468,0.0330566,"outcome",TRUE,"reported","textfile",295,19,48341814,0.00257782,7.39997e-10,NA,"ieu-b-111","triglycerides || id:ieu-b-111",TRUE,"reported","igd",2,1,TRUE,NA
"205","rs62135012","A","G","A","G",-0.0117482,0.014013,0.357929,NA,FALSE,FALSE,FALSE,"PysSjT",50503872,0.576845,0.025113,"outcome",TRUE,"reported","textfile",47,2,50731010,0.00207507,1.5e-08,NA,"ieu-b-111","triglycerides || id:ieu-b-111",TRUE,"reported","igd",2,1,TRUE,NA
"206","rs62271373","A","T","A","T",0.0419639,-0.0199667,0.059967,NA,FALSE,TRUE,TRUE,"PysSjT",150348753,0.743505,0.0610203,"outcome",TRUE,"reported","textfile",52,3,150066540,0.00426588,7.8001e-23,NA,"ieu-b-111","triglycerides || id:ieu-b-111",TRUE,"reported","igd",2,1,FALSE,NA
"207","rs62274099","T","C","T","C",0.0120882,-0.0199784,0.424205,NA,FALSE,FALSE,FALSE,"PysSjT",157092789,0.430195,0.0253258,"outcome",TRUE,"reported","textfile",53,3,156810578,0.00202424,2.30001e-09,NA,"ieu-b-111","triglycerides || id:ieu-b-111",TRUE,"reported","igd",2,1,TRUE,NA
"208","rs62397245","G","C","G","C",0.0149941,0.0198562,0.22236,NA,FALSE,TRUE,TRUE,"PysSjT",177323687,0.489047,0.0287012,"outcome",TRUE,"reported","textfile",91,5,176750688,0.00239634,3.89996e-10,NA,"ieu-b-111","triglycerides || id:ieu-b-111",TRUE,"reported","igd",2,1,FALSE,NA
"209","rs62427982","T","C","T","C",-0.0133153,-0.038367,0.32217,NA,FALSE,FALSE,FALSE,"PysSjT",107115962,0.13639,0.0257606,"outcome",TRUE,"reported","textfile",115,6,107437166,0.00213196,4.20001e-10,NA,"ieu-b-111","triglycerides || id:ieu-b-111",TRUE,"reported","igd",2,1,TRUE,NA
"210","rs62473520","C","T","C","T",-0.0211003,-0.00180035,0.077998,NA,FALSE,FALSE,FALSE,"PysSjT",130898683,0.971271,0.0499888,"outcome",TRUE,"reported","textfile",130,7,130583442,0.00380118,2.80001e-08,NA,"ieu-b-111","triglycerides || id:ieu-b-111",TRUE,"reported","igd",2,1,TRUE,NA
"211","rs6432622","G","A","G","A",-0.0108868,0.00112985,0.490264,NA,FALSE,FALSE,FALSE,"PysSjT",160483759,0.963927,0.0249825,"outcome",TRUE,"reported","textfile",48,2,161340270,0.00198007,3.79997e-08,NA,"ieu-b-111","triglycerides || id:ieu-b-111",TRUE,"reported","igd",2,1,TRUE,NA
"212","rs6506033","T","C","T","C",-0.0228948,0.0267288,0.072523,NA,FALSE,FALSE,FALSE,"PysSjT",289209,0.513582,0.0409154,"outcome",TRUE,"reported","textfile",280,18,289209,0.00383903,2.5e-09,NA,"ieu-b-111","triglycerides || id:ieu-b-111",TRUE,"reported","igd",2,1,TRUE,NA
"213","rs6517522","C","T","C","T",-0.0129031,0.0422506,0.498138,NA,FALSE,FALSE,FALSE,"PysSjT",39181919,0.102971,0.0259108,"outcome",TRUE,"reported","textfile",307,21,40553845,0.00199242,9.3994e-11,NA,"ieu-b-111","triglycerides || id:ieu-b-111",TRUE,"reported","igd",2,1,TRUE,NA
"214","rs6532798","T","C","T","C",0.013792,-0.0155044,0.697405,NA,FALSE,FALSE,FALSE,"PysSjT",99133676,0.565976,0.0270116,"outcome",TRUE,"reported","textfile",81,4,100054827,0.00216353,1.79999e-10,NA,"ieu-b-111","triglycerides || id:ieu-b-111",TRUE,"reported","igd",2,1,TRUE,NA
"215","rs6562773","G","A","G","A",-0.0120538,-0.0331925,0.547533,NA,FALSE,FALSE,FALSE,"PysSjT",73614798,0.180598,0.0247906,"outcome",TRUE,"reported","textfile",227,13,74188935,0.00201057,2e-09,NA,"ieu-b-111","triglycerides || id:ieu-b-111",TRUE,"reported","igd",2,1,TRUE,NA
"216","rs6572807","G","A","G","A",0.0124759,0.0211501,0.267065,NA,FALSE,FALSE,FALSE,"PysSjT",52013903,0.448785,0.027923,"outcome",TRUE,"reported","textfile",235,14,52480621,0.00224899,2.90001e-08,NA,"ieu-b-111","triglycerides || id:ieu-b-111",TRUE,"reported","igd",2,1,TRUE,NA
"217","rs6752845","C","G","C","G",-0.0137812,-0.0327838,0.431425,NA,FALSE,TRUE,TRUE,"PysSjT",36867996,0.188278,0.0249176,"outcome",TRUE,"reported","textfile",39,2,37095139,0.00200389,6.09958e-12,NA,"ieu-b-111","triglycerides || id:ieu-b-111",TRUE,"reported","igd",2,1,FALSE,NA
"218","rs676210","A","G","A","G",-0.0735169,0.025316,0.205293,NA,FALSE,FALSE,FALSE,"PysSjT",21008652,0.366621,0.028041,"outcome",TRUE,"reported","textfile",28,2,21231524,0.00244968,7.09578e-198,NA,"ieu-b-111","triglycerides || id:ieu-b-111",TRUE,"reported","igd",2,1,TRUE,NA
"219","rs6792725","G","A","G","A",-0.0152543,-0.0294432,0.692404,NA,FALSE,FALSE,FALSE,"PysSjT",24478792,0.243239,0.0252314,"outcome",TRUE,"reported","textfile",65,3,24520283,0.00221886,6.20012e-12,NA,"ieu-b-111","triglycerides || id:ieu-b-111",TRUE,"reported","igd",2,1,TRUE,NA
"220","rs67981690","G","A","G","A",0.0299225,-0.0285736,0.129887,NA,FALSE,FALSE,FALSE,"PysSjT",21190952,0.365704,0.0315888,"outcome",TRUE,"reported","textfile",211,12,21343886,0.00297454,8.30042e-24,NA,"ieu-b-111","triglycerides || id:ieu-b-111",TRUE,"reported","igd",2,1,TRUE,NA
"221","rs6800707","G","C","G","C",0.0298848,0.0228522,0.810543,NA,FALSE,TRUE,TRUE,"PysSjT",52482277,0.588197,0.0422054,"outcome",TRUE,"reported","textfile",51,3,52516293,0.00253832,5.30029e-32,NA,"ieu-b-111","triglycerides || id:ieu-b-111",TRUE,"reported","igd",2,1,FALSE,NA
"222","rs6805924","T","G","T","G",0.0109684,0.0601521,0.430548,NA,FALSE,FALSE,FALSE,"PysSjT",69830519,0.0165466,0.0250986,"outcome",TRUE,"reported","textfile",55,3,69879670,0.00200571,4.49997e-08,NA,"ieu-b-111","triglycerides || id:ieu-b-111",TRUE,"reported","igd",2,1,TRUE,NA
"223","rs684773","C","A","C","A",0.0291133,0.0593515,0.766797,NA,FALSE,FALSE,FALSE,"PysSjT",136237463,0.0876637,0.034752,"outcome",TRUE,"reported","textfile",56,3,135956305,0.00234718,2.49977e-35,NA,"ieu-b-111","triglycerides || id:ieu-b-111",TRUE,"reported","igd",2,1,TRUE,NA
"224","rs6882076","C","T","C","T",0.0331011,0.0633726,0.634285,NA,FALSE,FALSE,FALSE,"PysSjT",156963286,0.0158668,0.0262743,"outcome",TRUE,"reported","textfile",90,5,156390297,0.00206122,4.90004e-58,NA,"ieu-b-111","triglycerides || id:ieu-b-111",TRUE,"reported","igd",2,1,TRUE,NA
"225","rs6916318","T","A","T","A",0.0267283,0.0161301,0.530533,NA,FALSE,TRUE,TRUE,"PysSjT",127113961,0.516098,0.0248396,"outcome",TRUE,"reported","textfile",123,6,127435106,0.0019907,4.19952e-41,NA,"ieu-b-111","triglycerides || id:ieu-b-111",TRUE,"reported","igd",2,1,FALSE,NA
"226","rs696825","T","C","T","C",-0.0202838,-0.0599561,0.252926,NA,FALSE,FALSE,FALSE,"PysSjT",83968161,0.0242851,0.0266165,"outcome",TRUE,"reported","textfile",165,9,86583076,0.00228763,7.50067e-19,NA,"ieu-b-111","triglycerides || id:ieu-b-111",TRUE,"reported","igd",2,1,TRUE,NA
"227","rs698927","C","A","C","A",-0.0183059,-0.0128848,0.183785,NA,FALSE,FALSE,FALSE,"PysSjT",93370661,0.689412,0.03224,"outcome",TRUE,"reported","textfile",12,1,93836218,0.00256302,9.20026e-13,NA,"ieu-b-111","triglycerides || id:ieu-b-111",TRUE,"reported","igd",2,1,TRUE,NA
"228","rs6999569","G","A","G","A",-0.0860885,0.0112521,0.470737,NA,FALSE,FALSE,FALSE,"PysSjT",125463528,0.651489,0.0249109,"outcome",TRUE,"reported","textfile",152,8,126475770,0.00198061,1e-200,NA,"ieu-b-111","triglycerides || id:ieu-b-111",TRUE,"reported","igd",2,1,TRUE,NA
"229","rs7000494","C","G","C","G",0.136538,-0.0151631,0.030042,NA,FALSE,TRUE,TRUE,"PysSjT",20015991,0.866351,0.0900978,"outcome",TRUE,"reported","textfile",146,8,19873502,0.00584159,7.99834e-121,NA,"ieu-b-111","triglycerides || id:ieu-b-111",TRUE,"reported","igd",2,1,FALSE,NA
"230","rs7077812","C","T","C","T",0.0142284,0.0116592,0.194911,NA,FALSE,FALSE,FALSE,"PysSjT",79336314,0.707683,0.0310937,"outcome",TRUE,"reported","textfile",174,10,81096071,0.00250611,1.40001e-08,NA,"ieu-b-111","triglycerides || id:ieu-b-111",TRUE,"reported","igd",2,1,TRUE,NA
"231","rs7134375","A","C","A","C",-0.0171435,0.0346673,0.431174,NA,FALSE,FALSE,FALSE,"PysSjT",20320824,0.17213,0.02539,"outcome",TRUE,"reported","textfile",218,12,20473758,0.00200504,1.20005e-17,NA,"ieu-b-111","triglycerides || id:ieu-b-111",TRUE,"reported","igd",2,1,TRUE,NA
"232","rs7135509","C","T","C","T",-0.0121338,-0.0199772,0.293196,NA,FALSE,FALSE,FALSE,"PysSjT",22612742,0.46173,0.0271429,"outcome",TRUE,"reported","textfile",219,12,22765676,0.00221197,4.09996e-08,NA,"ieu-b-111","triglycerides || id:ieu-b-111",TRUE,"reported","igd",2,1,TRUE,NA
"233","rs71368855","T","C","T","C",0.026073,-0.0799549,0.115087,NA,FALSE,FALSE,FALSE,"PysSjT",55576220,0.104645,0.0492715,"outcome",TRUE,"reported","textfile",297,19,56087586,0.00312826,7.8001e-17,NA,"ieu-b-111","triglycerides || id:ieu-b-111",TRUE,"reported","igd",2,1,TRUE,NA
"234","rs7140110","C","T","C","T",0.0283172,0.00969549,0.298338,NA,FALSE,FALSE,FALSE,"PysSjT",113841051,0.72748,0.0278223,"outcome",TRUE,"reported","textfile",226,13,114544024,0.00217811,1.20005e-38,NA,"ieu-b-111","triglycerides || id:ieu-b-111",TRUE,"reported","igd",2,1,TRUE,NA
"235","rs71538127","G","C","G","C",0.0176494,0.0621331,0.122052,NA,FALSE,TRUE,TRUE,"PysSjT",971165,0.141309,0.0422406,"outcome",TRUE,"reported","textfile",131,7,1010801,0.00303718,6.19998e-09,NA,"ieu-b-111","triglycerides || id:ieu-b-111",TRUE,"reported","igd",2,1,FALSE,NA
"236","rs71603401","G","A","G","A",0.0264991,-0.14898,0.136804,NA,FALSE,FALSE,FALSE,"PysSjT",18032840,0.00225429,0.0487737,"outcome",TRUE,"reported","textfile",73,4,18034463,0.00291753,1.10002e-19,NA,"ieu-b-111","triglycerides || id:ieu-b-111",TRUE,"reported","igd",2,1,TRUE,NA
"237","rs7215055","G","A","G","A",0.0389233,-0.0681136,0.062892,NA,FALSE,FALSE,FALSE,"PysSjT",17555039,0.139695,0.0461184,"outcome",TRUE,"reported","textfile",272,17,17458353,0.00410062,2.29985e-21,NA,"ieu-b-111","triglycerides || id:ieu-b-111",TRUE,"reported","igd",2,1,TRUE,NA
"238","rs7239575","C","T","C","T",-0.0160767,0.0285152,0.490494,NA,FALSE,FALSE,FALSE,"PysSjT",23540071,0.250897,0.0248353,"outcome",TRUE,"reported","textfile",278,18,21120035,0.00199133,6.79986e-16,NA,"ieu-b-111","triglycerides || id:ieu-b-111",TRUE,"reported","igd",2,1,TRUE,NA
"239","rs7244","A","G","A","G",0.0151978,-0.0197293,0.174166,NA,FALSE,FALSE,FALSE,"PysSjT",154420953,0.545538,0.0326397,"outcome",TRUE,"reported","textfile",102,5,153800513,0.00261808,6.4e-09,NA,"ieu-b-111","triglycerides || id:ieu-b-111",TRUE,"reported","igd",2,1,TRUE,NA
"240","rs72555385","G","A","G","A",0.0653776,0.0604633,0.048975,NA,FALSE,FALSE,FALSE,"PysSjT",73709143,0.468389,0.0833859,"outcome",TRUE,"reported","textfile",136,7,73123473,0.0046178,1.69981e-45,NA,"ieu-b-111","triglycerides || id:ieu-b-111",TRUE,"reported","igd",2,1,TRUE,NA
"241","rs72644085","C","T","C","T",-0.0196036,-0.0245273,0.146036,NA,FALSE,FALSE,FALSE,"PysSjT",56488005,0.50899,0.0371394,"outcome",TRUE,"reported","textfile",86,5,55783832,0.00281241,3.19963e-12,NA,"ieu-b-111","triglycerides || id:ieu-b-111",TRUE,"reported","igd",2,1,TRUE,NA
"242","rs7274718","A","G","A","G",0.0159491,-0.00566014,0.598516,NA,FALSE,FALSE,FALSE,"PysSjT",57538727,0.822386,0.0252148,"outcome",TRUE,"reported","textfile",305,20,56113783,0.00202919,3.80014e-15,NA,"ieu-b-111","triglycerides || id:ieu-b-111",TRUE,"reported","igd",2,1,TRUE,NA
"243","rs72784786","A","G","A","G",0.0263468,0.0680844,0.060638,NA,FALSE,FALSE,FALSE,"PysSjT",28266682,0.165356,0.0490776,"outcome",TRUE,"reported","textfile",38,2,28489549,0.00416714,2.59998e-10,NA,"ieu-b-111","triglycerides || id:ieu-b-111",TRUE,"reported","igd",2,1,TRUE,NA
"244","rs72801474","A","G","A","G",-0.0307938,0.0176744,0.091843,NA,FALSE,FALSE,FALSE,"PysSjT",133108436,0.743243,0.0539576,"outcome",TRUE,"reported","textfile",95,5,132444128,0.00344154,3.59998e-19,NA,"ieu-b-111","triglycerides || id:ieu-b-111",TRUE,"reported","igd",2,1,TRUE,NA
"245","rs729761","G","T","G","T",0.0177868,-0.0104094,0.711859,NA,FALSE,FALSE,FALSE,"PysSjT",43836834,0.702155,0.0272204,"outcome",TRUE,"reported","textfile",117,6,43804571,0.00221435,9.49948e-16,NA,"ieu-b-111","triglycerides || id:ieu-b-111",TRUE,"reported","igd",2,1,TRUE,NA
"246","rs73025562","A","G","A","G",0.0138633,-0.0029059,0.245879,NA,FALSE,FALSE,FALSE,"PysSjT",160141449,0.913072,0.0266195,"outcome",TRUE,"reported","textfile",124,6,160562481,0.00231292,2e-09,NA,"ieu-b-111","triglycerides || id:ieu-b-111",TRUE,"reported","igd",2,1,TRUE,NA
"247","rs7308584","A","G","A","G",0.0149992,0.0123511,0.184436,NA,FALSE,FALSE,FALSE,"PysSjT",6597578,0.669055,0.0288953,"outcome",TRUE,"reported","textfile",217,12,6706744,0.00256911,5.30005e-09,NA,"ieu-b-111","triglycerides || id:ieu-b-111",TRUE,"reported","igd",2,1,TRUE,NA
"248","rs73238173","G","C","G","C",-0.0165938,0.0225299,0.129955,NA,FALSE,TRUE,TRUE,"PysSjT",142391802,0.528897,0.0357793,"outcome",TRUE,"reported","textfile",60,3,142110644,0.00295427,1.89998e-08,NA,"ieu-b-111","triglycerides || id:ieu-b-111",TRUE,"reported","igd",2,1,FALSE,NA
"249","rs7400002","G","A","G","A",0.0139701,-0.0232085,0.230609,NA,FALSE,FALSE,FALSE,"PysSjT",113821971,0.404459,0.0278384,"outcome",TRUE,"reported","textfile",225,13,114524944,0.00236663,3.59998e-09,NA,"ieu-b-111","triglycerides || id:ieu-b-111",TRUE,"reported","igd",2,1,TRUE,NA
"250","rs74090351","A","G","A","G",-0.0250097,0.0332404,0.068143,NA,FALSE,FALSE,FALSE,"PysSjT",61240226,0.475973,0.0466338,"outcome",TRUE,"reported","textfile",3,1,61705898,0.00393658,2.1e-10,NA,"ieu-b-111","triglycerides || id:ieu-b-111",TRUE,"reported","igd",2,1,TRUE,NA
"251","rs742036","A","G","A","G",-0.0143632,0.0243859,0.375259,NA,FALSE,FALSE,FALSE,"PysSjT",910725,0.355676,0.0264021,"outcome",TRUE,"reported","textfile",259,16,960725,0.00205112,2.49977e-12,NA,"ieu-b-111","triglycerides || id:ieu-b-111",TRUE,"reported","igd",2,1,TRUE,NA
"252","rs7424120","T","C","T","C",-0.0123561,-0.0209526,0.601724,NA,FALSE,FALSE,FALSE,"PysSjT",59086839,0.407972,0.0253213,"outcome",TRUE,"reported","textfile",40,2,59313974,0.00203065,1.2e-09,NA,"ieu-b-111","triglycerides || id:ieu-b-111",TRUE,"reported","igd",2,1,TRUE,NA
"253","rs75268115","G","A","G","A",-0.0207435,-0.0325267,0.084699,NA,FALSE,FALSE,FALSE,"PysSjT",18280368,0.443345,0.0424322,"outcome",TRUE,"reported","textfile",199,11,18301915,0.0035798,6.80002e-09,NA,"ieu-b-111","triglycerides || id:ieu-b-111",TRUE,"reported","igd",2,1,TRUE,NA
"254","rs75609851","A","G","A","G",-0.199116,0.0430752,0.01048,NA,FALSE,FALSE,FALSE,"PysSjT",20013569,0.695202,0.10994,"outcome",TRUE,"reported","textfile",158,8,19871080,0.0100401,1.59993e-87,NA,"ieu-b-111","triglycerides || id:ieu-b-111",TRUE,"reported","igd",2,1,TRUE,NA
"255","rs75634664","G","C","G","C",0.0362363,0.787818,0.059756,NA,FALSE,TRUE,TRUE,"PysSjT",17634975,0.168606,0.572252,"outcome",TRUE,"reported","textfile",273,17,17538289,0.00433595,6.4003e-17,NA,"ieu-b-111","triglycerides || id:ieu-b-111",TRUE,"reported","igd",2,1,FALSE,NA
"256","rs75721796","A","G","A","G",0.0210491,-0.00366848,0.214459,NA,FALSE,FALSE,FALSE,"PysSjT",150599516,0.890412,0.0266252,"outcome",TRUE,"reported","textfile",142,7,150296604,0.00245993,1.20005e-17,NA,"ieu-b-111","triglycerides || id:ieu-b-111",TRUE,"reported","igd",2,1,TRUE,NA
"257","rs75942983","T","A","T","A",-0.0201303,0.10781,0.083627,NA,FALSE,TRUE,TRUE,"PysSjT",62393940,0.0631961,0.058031,"outcome",TRUE,"reported","textfile",209,12,62787720,0.00361206,2.5e-08,NA,"ieu-b-111","triglycerides || id:ieu-b-111",TRUE,"reported","igd",2,1,FALSE,NA
"258","rs77009508","G","A","G","A",0.0450912,0.00418546,0.073734,NA,FALSE,FALSE,FALSE,"PysSjT",160583940,0.936251,0.0523299,"outcome",TRUE,"reported","textfile",112,6,161004972,0.00379997,1.80011e-32,NA,"ieu-b-111","triglycerides || id:ieu-b-111",TRUE,"reported","igd",2,1,TRUE,NA
"259","rs7704653","G","A","G","A",0.0157533,-0.0155205,0.723029,NA,FALSE,FALSE,FALSE,"PysSjT",90959868,0.592069,0.0289647,"outcome",TRUE,"reported","textfile",94,5,90255685,0.00224582,2.29985e-12,NA,"ieu-b-111","triglycerides || id:ieu-b-111",TRUE,"reported","igd",2,1,TRUE,NA
"260","rs7714361","C","A","C","A",0.0138858,-0.00780055,0.233667,NA,FALSE,FALSE,FALSE,"PysSjT",113154932,0.77969,0.0278868,"outcome",TRUE,"reported","textfile",98,5,112490629,0.00236622,4.39997e-09,NA,"ieu-b-111","triglycerides || id:ieu-b-111",TRUE,"reported","igd",2,1,TRUE,NA
"261","rs7735249","G","C","G","C",0.0268635,0.0186334,0.112767,NA,FALSE,TRUE,TRUE,"PysSjT",54014309,0.623979,0.0380103,"outcome",TRUE,"reported","textfile",84,5,53310139,0.00315997,1.9002e-17,NA,"ieu-b-111","triglycerides || id:ieu-b-111",TRUE,"reported","igd",2,1,FALSE,NA
"262","rs7786339","T","C","T","C",0.016328,-0.00869746,0.168936,NA,FALSE,FALSE,FALSE,"PysSjT",72674114,0.790682,0.0327682,"outcome",TRUE,"reported","textfile",135,7,72139093,0.00265352,7.59994e-10,NA,"ieu-b-111","triglycerides || id:ieu-b-111",TRUE,"reported","igd",2,1,TRUE,NA
"263","rs78058190","A","G","A","G",0.0816071,-0.0251926,0.05045,NA,FALSE,FALSE,FALSE,"PysSjT",218835276,0.578436,0.0453374,"outcome",TRUE,"reported","textfile",34,2,219699999,0.00510649,1.69981e-57,NA,"ieu-b-111","triglycerides || id:ieu-b-111",TRUE,"reported","igd",2,1,TRUE,NA
"264","rs7847285","C","T","C","T",-0.0116104,-0.035405,0.589213,NA,FALSE,FALSE,FALSE,"PysSjT",13723176,0.166483,0.0255891,"outcome",TRUE,"reported","textfile",169,9,13723175,0.00202626,1e-08,NA,"ieu-b-111","triglycerides || id:ieu-b-111",TRUE,"reported","igd",2,1,TRUE,NA
"265","rs78484485","A","G","A","G",-0.0758529,-0.0174038,0.054016,NA,FALSE,FALSE,FALSE,"PysSjT",116727349,0.685114,0.0429201,"outcome",TRUE,"reported","textfile",207,11,116598065,0.00439863,1.20005e-66,NA,"ieu-b-111","triglycerides || id:ieu-b-111",TRUE,"reported","igd",2,1,TRUE,NA
"266","rs78588343","A","G","A","G",-0.0155231,0.0272621,0.176216,NA,FALSE,FALSE,FALSE,"PysSjT",7249227,0.363997,0.0300317,"outcome",TRUE,"reported","textfile",103,6,7249460,0.0026035,2.5e-09,NA,"ieu-b-111","triglycerides || id:ieu-b-111",TRUE,"reported","igd",2,1,TRUE,NA
"267","rs7861679","T","C","T","C",0.0122025,-0.0159336,0.696815,NA,FALSE,FALSE,FALSE,"PysSjT",120613311,0.565425,0.0277201,"outcome",TRUE,"reported","textfile",171,9,123375589,0.00216741,1.79999e-08,NA,"ieu-b-111","triglycerides || id:ieu-b-111",TRUE,"reported","igd",2,1,TRUE,NA
"268","rs79153732","T","C","T","C",0.0773626,-0.0164563,0.017389,NA,FALSE,FALSE,FALSE,"PysSjT",19805426,0.91591,0.155854,"outcome",TRUE,"reported","textfile",145,8,19662937,0.00758596,1.99986e-24,NA,"ieu-b-111","triglycerides || id:ieu-b-111",TRUE,"reported","igd",2,1,TRUE,NA
"269","rs79287178","A","G","A","G",0.0500946,-0.0315883,0.031151,NA,FALSE,FALSE,FALSE,"PysSjT",172576710,0.614319,0.0626854,"outcome",TRUE,"reported","textfile",62,3,172294500,0.00600435,7.19946e-17,NA,"ieu-b-111","triglycerides || id:ieu-b-111",TRUE,"reported","igd",2,1,TRUE,NA
"270","rs79357714","G","A","G","A",-0.0289463,0.0872147,0.045724,NA,FALSE,FALSE,FALSE,"PysSjT",117031923,0.158357,0.0618272,"outcome",TRUE,"reported","textfile",208,11,116902639,0.00476453,1.2e-09,NA,"ieu-b-111","triglycerides || id:ieu-b-111",TRUE,"reported","igd",2,1,TRUE,NA
"271","rs7947951","G","A","G","A",0.0193777,0.0684933,0.689254,NA,FALSE,FALSE,FALSE,"PysSjT",13334483,0.00584898,0.0248513,"outcome",TRUE,"reported","textfile",203,11,13356030,0.00214074,1.39991e-19,NA,"ieu-b-111","triglycerides || id:ieu-b-111",TRUE,"reported","igd",2,1,TRUE,NA
"272","rs80276949","A","G","A","G",0.0457563,0.161428,0.022677,NA,FALSE,FALSE,FALSE,"PysSjT",50613485,0.149273,0.111939,"outcome",TRUE,"reported","textfile",177,10,52373245,0.00669008,8.00018e-12,NA,"ieu-b-111","triglycerides || id:ieu-b-111",TRUE,"reported","igd",2,1,TRUE,NA
"273","rs8102873","T","C","T","C",0.0123302,-0.0370818,0.584919,NA,FALSE,FALSE,FALSE,"PysSjT",56977055,0.136416,0.0248993,"outcome",TRUE,"reported","textfile",289,19,57488423,0.00201474,9.40005e-10,NA,"ieu-b-111","triglycerides || id:ieu-b-111",TRUE,"reported","igd",2,1,TRUE,NA
"274","rs8126001","T","C","T","C",-0.0163778,-0.00528202,0.489576,NA,FALSE,FALSE,FALSE,"PysSjT",64080106,0.832515,0.0249768,"outcome",TRUE,"reported","textfile",300,20,62711459,0.00199681,2.39994e-16,NA,"ieu-b-111","triglycerides || id:ieu-b-111",TRUE,"reported","igd",2,1,TRUE,NA
"275","rs852388","C","G","C","G",0.0157124,0.0423299,0.211278,NA,FALSE,TRUE,TRUE,"PysSjT",5534608,0.262026,0.0377401,"outcome",TRUE,"reported","textfile",125,7,5574239,0.00245601,1.6e-10,NA,"ieu-b-111","triglycerides || id:ieu-b-111",TRUE,"reported","igd",2,1,FALSE,NA
"276","rs867939","A","G","A","G",-0.0136048,-0.0317327,0.57621,NA,FALSE,FALSE,FALSE,"PysSjT",22331727,0.202319,0.0248889,"outcome",TRUE,"reported","textfile",277,18,19911690,0.00202516,1.80011e-11,NA,"ieu-b-111","triglycerides || id:ieu-b-111",TRUE,"reported","igd",2,1,TRUE,NA
"277","rs880315","C","T","C","T",-0.011772,0.0261682,0.340211,NA,FALSE,FALSE,FALSE,"PysSjT",10736809,0.301324,0.0253176,"outcome",TRUE,"reported","textfile",15,1,10796866,0.00210497,2.19999e-08,NA,"ieu-b-111","triglycerides || id:ieu-b-111",TRUE,"reported","igd",2,1,TRUE,NA
"278","rs921971","C","T","C","T",0.01565,-0.0116857,0.265901,NA,FALSE,FALSE,FALSE,"PysSjT",60194430,0.708484,0.031254,"outcome",TRUE,"reported","textfile",281,18,57861663,0.00225602,4.00037e-12,NA,"ieu-b-111","triglycerides || id:ieu-b-111",TRUE,"reported","igd",2,1,TRUE,NA
"279","rs9368503","T","A","T","A",-0.0119616,-0.0177224,0.510113,NA,FALSE,TRUE,TRUE,"PysSjT",27335966,0.491721,0.0257752,"outcome",TRUE,"reported","textfile",113,6,27303745,0.00198801,1.79999e-09,NA,"ieu-b-111","triglycerides || id:ieu-b-111",TRUE,"reported","igd",2,1,FALSE,NA
"280","rs9373056","T","C","T","C",-0.0122839,-0.0237859,0.320263,NA,FALSE,FALSE,FALSE,"PysSjT",133476070,0.410235,0.0288846,"outcome",TRUE,"reported","textfile",107,6,133797208,0.00212321,7.19996e-09,NA,"ieu-b-111","triglycerides || id:ieu-b-111",TRUE,"reported","igd",2,1,TRUE,NA
"281","rs9376511","G","A","G","A",-0.0154993,-0.00736187,0.203288,NA,FALSE,FALSE,FALSE,"PysSjT",140290282,0.811566,0.0308796,"outcome",TRUE,"reported","textfile",109,6,140611419,0.00246511,3.2e-10,NA,"ieu-b-111","triglycerides || id:ieu-b-111",TRUE,"reported","igd",2,1,TRUE,NA
"282","rs9425589","A","G","A","G",-0.0137618,-0.010397,0.566781,NA,FALSE,FALSE,FALSE,"PysSjT",172386136,0.677634,0.0250112,"outcome",TRUE,"reported","textfile",8,1,172355276,0.00200182,6.20012e-12,NA,"ieu-b-111","triglycerides || id:ieu-b-111",TRUE,"reported","igd",2,1,TRUE,NA
"283","rs9436661","G","T","G","T",-0.0777322,-0.00590192,0.352919,NA,FALSE,FALSE,FALSE,"PysSjT",62438904,0.834048,0.0281698,"outcome",TRUE,"reported","textfile",4,1,62904575,0.00207793,1e-200,NA,"ieu-b-111","triglycerides || id:ieu-b-111",TRUE,"reported","igd",2,1,TRUE,NA
"284","rs9480889","G","C","G","C",0.0163067,0.0279639,0.783137,NA,FALSE,TRUE,TRUE,"PysSjT",108867818,0.434881,0.0358113,"outcome",TRUE,"reported","textfile",122,6,109189021,0.0024101,1.29987e-11,NA,"ieu-b-111","triglycerides || id:ieu-b-111",TRUE,"reported","igd",2,1,FALSE,NA
"285","rs954244","G","C","G","C",0.015323,-0.00778384,0.254641,NA,FALSE,TRUE,TRUE,"PysSjT",120551655,0.806859,0.0318383,"outcome",TRUE,"reported","textfile",26,2,121309231,0.00227424,1.59993e-11,NA,"ieu-b-111","triglycerides || id:ieu-b-111",TRUE,"reported","igd",2,1,FALSE,NA
"286","rs9561643","C","A","C","A",0.0167149,0.0367806,0.314726,NA,FALSE,FALSE,FALSE,"PysSjT",94600877,0.149364,0.0255105,"outcome",TRUE,"reported","textfile",228,13,95253131,0.00214481,6.4998e-15,NA,"ieu-b-111","triglycerides || id:ieu-b-111",TRUE,"reported","igd",2,1,TRUE,NA
"287","rs9584870","C","T","C","T",-0.0123562,-0.0508723,0.366179,NA,FALSE,FALSE,FALSE,"PysSjT",98593612,0.0544001,0.0264458,"outcome",TRUE,"reported","textfile",231,13,99245866,0.00210377,4.30002e-09,NA,"ieu-b-111","triglycerides || id:ieu-b-111",TRUE,"reported","igd",2,1,TRUE,NA
"288","rs970069","T","C","T","C",0.0162322,-0.00164471,0.212039,NA,FALSE,FALSE,FALSE,"PysSjT",141508681,0.957893,0.031151,"outcome",TRUE,"reported","textfile",89,5,140888248,0.00243455,2.60016e-11,NA,"ieu-b-111","triglycerides || id:ieu-b-111",TRUE,"reported","igd",2,1,TRUE,NA
"289","rs9831084","C","T","C","T",-0.0118516,-0.0506218,0.461922,NA,FALSE,FALSE,FALSE,"PysSjT",36984170,0.0480961,0.0256116,"outcome",TRUE,"reported","textfile",58,3,37025661,0.00199656,2.90001e-09,NA,"ieu-b-111","triglycerides || id:ieu-b-111",TRUE,"reported","igd",2,1,TRUE,NA
"290","rs9859117","C","G","C","G",0.0147856,-0.0062771,0.202649,NA,FALSE,TRUE,TRUE,"PysSjT",127678710,0.821737,0.0278596,"outcome",TRUE,"reported","textfile",59,3,127397553,0.00247772,2.39999e-09,NA,"ieu-b-111","triglycerides || id:ieu-b-111",TRUE,"reported","igd",2,1,FALSE,NA
"291","rs9889402","A","G","A","G",0.0122827,0.0253342,0.728192,NA,FALSE,FALSE,FALSE,"PysSjT",75368135,0.388375,0.0293707,"outcome",TRUE,"reported","textfile",265,17,73364216,0.00222926,3.59998e-08,NA,"ieu-b-111","triglycerides || id:ieu-b-111",TRUE,"reported","igd",2,1,TRUE,NA
"292","rs9902027","T","C","T","C",-0.0151609,0.0457591,0.77437,NA,FALSE,FALSE,FALSE,"PysSjT",7537667,0.109162,0.0285643,"outcome",TRUE,"reported","textfile",271,17,7440984,0.00238645,2.1e-10,NA,"ieu-b-111","triglycerides || id:ieu-b-111",TRUE,"reported","igd",2,1,TRUE,NA
"293","rs998584","A","C","A","C",0.0401182,0.0338326,0.482727,NA,FALSE,FALSE,FALSE,"PysSjT",43790159,0.175366,0.0249657,"outcome",TRUE,"reported","textfile",114,6,43757896,0.00198999,2.19989e-90,NA,"ieu-b-111","triglycerides || id:ieu-b-111",TRUE,"reported","igd",2,1,TRUE,NA
