"","SNP","effect_allele.exposure","other_allele.exposure","eaf.exposure","beta.exposure","se.exposure","pval.exposure","exposure","mr_keep.exposure","pval_origin.exposure","id.exposure","data_source.exposure"
"11","rs114440021","T","C",0.111056,0.01233,0.00165,6.996e-14,"exposure",TRUE,"reported","L4M3yN","textfile"
"32","rs12589471","A","T",0.382014,-0.00798,0.00108,1.192e-13,"exposure",TRUE,"reported","L4M3yN","textfile"
"37","rs899223","C","G",0.0786726,0.01332,0.00193,5.074e-12,"exposure",TRUE,"reported","L4M3yN","textfile"
"40","rs421154","C","G",0.781367,0.01098,0.00125,2.062e-18,"exposure",TRUE,"reported","L4M3yN","textfile"
"41","rs4766975","A","G",0.61526,-0.00871,0.00107,4.396e-16,"exposure",TRUE,"reported","L4M3yN","textfile"
"45","rs6539284","T","C",0.612997,-0.00721,0.00107,1.382e-11,"exposure",TRUE,"reported","L4M3yN","textfile"
"48","rs6563363","T","G",0.357053,-0.00921,0.00108,1.703e-17,"exposure",TRUE,"reported","L4M3yN","textfile"
"51","rs74740938","A","T",0.132445,0.01208,0.00162,8.299e-14,"exposure",TRUE,"reported","L4M3yN","textfile"
"52","rs7301232","A","T",0.167863,-0.00773,0.0014,3.795e-08,"exposure",TRUE,"reported","L4M3yN","textfile"
"56","rs9551887","T","C",0.531029,-0.008,0.00105,2.879e-14,"exposure",TRUE,"reported","L4M3yN","textfile"
"69","rs11746390","T","C",0.742439,-0.0086,0.00118,3.279e-13,"exposure",TRUE,"reported","L4M3yN","textfile"
"70","rs211283","C","G",0.233123,-0.00922,0.00123,5.175e-14,"exposure",TRUE,"reported","L4M3yN","textfile"
"74","rs11633934","A","C",0.549938,0.00803,0.00105,2.102e-14,"exposure",TRUE,"reported","L4M3yN","textfile"
"88","rs16919774","A","T",0.794657,-0.00935,0.00128,2.666e-13,"exposure",TRUE,"reported","L4M3yN","textfile"
"91","rs12524795","T","C",0.438482,0.00851,0.00105,6.323e-16,"exposure",TRUE,"reported","L4M3yN","textfile"
"121","rs10180485","T","G",0.882753,0.01188,0.0016,1.289e-13,"exposure",TRUE,"reported","L4M3yN","textfile"
"129","rs7924465","T","C",0.9094087,0.01448,0.0018,8.495e-16,"exposure",TRUE,"reported","L4M3yN","textfile"
"134","rs2055940","A","G",0.307207,0.00703,0.00112,3.319e-10,"exposure",TRUE,"reported","L4M3yN","textfile"
"141","rs11942352","A","G",0.814075,-0.00894,0.00132,1.401e-11,"exposure",TRUE,"reported","L4M3yN","textfile"
"146","rs12142570","A","T",0.818525,0.00999,0.0014,1.076e-12,"exposure",TRUE,"reported","L4M3yN","textfile"
"154","rs12974657","T","C",0.677318,0.00917,0.00113,3.706e-16,"exposure",TRUE,"reported","L4M3yN","textfile"
"157","rs1866823","A","G",0.54247,0.01058,0.00105,8.099e-24,"exposure",TRUE,"reported","L4M3yN","textfile"
"162","rs4741600","T","C",0.344949,0.0158,0.0011,2.087e-46,"exposure",TRUE,"reported","L4M3yN","textfile"
"173","rs490535","T","C",0.338174,0.00695,0.00111,3.777e-10,"exposure",TRUE,"reported","L4M3yN","textfile"
"178","rs11614957","A","G",0.450693,0.01206,0.00105,2.822e-30,"exposure",TRUE,"reported","L4M3yN","textfile"
"182","rs2222760","A","G",0.27219,-0.00794,0.00116,8.236e-12,"exposure",TRUE,"reported","L4M3yN","textfile"
"186","rs12240387","A","G",0.356391,-0.00599,0.00109,3.592e-08,"exposure",TRUE,"reported","L4M3yN","textfile"
"187","rs252991","A","G",0.369464,0.01026,0.00108,2.333e-21,"exposure",TRUE,"reported","L4M3yN","textfile"
"193","rs13214394","A","T",0.767231,-0.00674,0.00121,2.805e-08,"exposure",TRUE,"reported","L4M3yN","textfile"
"203","rs8058137","A","G",0.772806,0.01466,0.00127,8.608e-31,"exposure",TRUE,"reported","L4M3yN","textfile"
"205","rs1581168","T","C",0.295457,-0.01011,0.00116,2.215e-18,"exposure",TRUE,"reported","L4M3yN","textfile"
"206","rs6091534","T","C",0.367724,0.00738,0.00108,7.9e-12,"exposure",TRUE,"reported","L4M3yN","textfile"
"211","rs660010","C","G",0.123945,0.01863,0.0015,3.244e-35,"exposure",TRUE,"reported","L4M3yN","textfile"
"224","rs13332638","A","G",0.091777,-0.01304,0.00187,3.118e-12,"exposure",TRUE,"reported","L4M3yN","textfile"
"230","rs10752262","T","C",0.408516,0.00932,0.00106,2.081e-18,"exposure",TRUE,"reported","L4M3yN","textfile"
"231","rs11158200","A","G",0.540468,0.00861,0.00105,2.528e-16,"exposure",TRUE,"reported","L4M3yN","textfile"
"244","rs4588749","A","G",0.441223,0.01256,0.00105,7.59e-33,"exposure",TRUE,"reported","L4M3yN","textfile"
"245","rs8072494","A","G",0.788728,-0.0116,0.00128,1.647e-19,"exposure",TRUE,"reported","L4M3yN","textfile"
"248","rs72906124","T","C",0.9483369,0.01836,0.00226,4.938e-16,"exposure",TRUE,"reported","L4M3yN","textfile"
"257","rs7027899","A","G",0.80907,0.01137,0.00193,3.795e-09,"exposure",TRUE,"reported","L4M3yN","textfile"
"259","rs11191193","A","G",0.672698,0.0163,0.0011,1.422e-49,"exposure",TRUE,"reported","L4M3yN","textfile"
"264","rs14184","C","G",0.702756,-0.01343,0.00114,6.957e-32,"exposure",TRUE,"reported","L4M3yN","textfile"
"290","rs2195041","A","G",0.392886,0.00659,0.00107,6.164e-10,"exposure",TRUE,"reported","L4M3yN","textfile"
"298","rs9935637","C","G",0.441638,0.00816,0.00105,8.936e-15,"exposure",TRUE,"reported","L4M3yN","textfile"
"302","rs4391653","T","C",0.254173,-0.00816,0.00119,6.888e-12,"exposure",TRUE,"reported","L4M3yN","textfile"
"305","rs12569163","T","G",0.800092,-0.01233,0.00183,1.693e-11,"exposure",TRUE,"reported","L4M3yN","textfile"
"313","rs7603132","A","G",0.183585,0.01729,0.00134,2.702e-38,"exposure",TRUE,"reported","L4M3yN","textfile"
"321","rs56133711","A","G",0.2245,-0.01224,0.00121,7.162e-24,"exposure",TRUE,"reported","L4M3yN","textfile"
"340","rs4751360","T","C",0.468987,0.0091,0.00105,4.012e-18,"exposure",TRUE,"reported","L4M3yN","textfile"
"343","rs12609965","A","C",0.245504,0.00706,0.00122,8.05e-09,"exposure",TRUE,"reported","L4M3yN","textfile"
"346","rs6534704","A","T",0.073221,-0.015,0.00189,1.964e-15,"exposure",TRUE,"reported","L4M3yN","textfile"
"350","rs10772644","C","G",0.886665,0.01397,0.00168,1.052e-16,"exposure",TRUE,"reported","L4M3yN","textfile"
"351","rs28451864","A","T",0.551678,0.01182,0.00105,2.633e-29,"exposure",TRUE,"reported","L4M3yN","textfile"
"362","rs6457796","T","C",0.713043,0.0104,0.00117,4.811e-19,"exposure",TRUE,"reported","L4M3yN","textfile"
"372","rs11081529","T","C",0.7247,0.01228,0.00117,7.097e-26,"exposure",TRUE,"reported","L4M3yN","textfile"
"377","rs56016333","T","C",0.650955,-0.01383,0.0011,4.38e-36,"exposure",TRUE,"reported","L4M3yN","textfile"
"381","rs705240","T","C",0.181183,-0.01301,0.00135,4.559e-22,"exposure",TRUE,"reported","L4M3yN","textfile"
"390","rs12089815","A","G",0.525793,0.01853,0.00105,1.141e-69,"exposure",TRUE,"reported","L4M3yN","textfile"
"392","rs4551987","A","G",0.839436,0.01248,0.00142,1.624e-18,"exposure",TRUE,"reported","L4M3yN","textfile"
"394","rs4685448","A","G",0.421497,-0.00679,0.00105,1.198e-10,"exposure",TRUE,"reported","L4M3yN","textfile"
"402","rs13284474","T","C",0.427502,0.00635,0.00105,1.717e-09,"exposure",TRUE,"reported","L4M3yN","textfile"
"407","rs10016110","A","G",0.369587,0.00947,0.00108,1.437e-18,"exposure",TRUE,"reported","L4M3yN","textfile"
"409","rs56188374","A","G",0.0701417,-0.01411,0.00193,2.721e-13,"exposure",TRUE,"reported","L4M3yN","textfile"
"426","rs2289769","A","G",0.869002,-0.00838,0.00151,2.831e-08,"exposure",TRUE,"reported","L4M3yN","textfile"
"433","rs11688767","A","T",0.513474,-0.01428,0.00105,2.385e-42,"exposure",TRUE,"reported","L4M3yN","textfile"
"438","rs41741","T","G",0.663074,0.00737,0.00111,3.353e-11,"exposure",TRUE,"reported","L4M3yN","textfile"
"443","rs6044142","A","G",0.584339,-0.00739,0.00106,2.651e-12,"exposure",TRUE,"reported","L4M3yN","textfile"
"445","rs5759002","A","G",0.507638,0.00832,0.00105,1.977e-15,"exposure",TRUE,"reported","L4M3yN","textfile"
"460","rs35565533","A","C",0.744225,0.00842,0.00119,1.224e-12,"exposure",TRUE,"reported","L4M3yN","textfile"
"463","rs67829508","A","G",0.175978,-0.0092,0.00136,1.162e-11,"exposure",TRUE,"reported","L4M3yN","textfile"
"473","rs752806","A","T",0.467709,-0.00741,0.00105,1.688e-12,"exposure",TRUE,"reported","L4M3yN","textfile"
"474","rs111821073","T","C",0.149061,0.01533,0.00145,4.701e-26,"exposure",TRUE,"reported","L4M3yN","textfile"
"475","rs62262312","C","G",0.150724,0.01889,0.00142,2.359e-40,"exposure",TRUE,"reported","L4M3yN","textfile"
"476","rs1337731","A","G",0.340345,0.00863,0.00111,7.073e-15,"exposure",TRUE,"reported","L4M3yN","textfile"
"495","rs28617748","A","T",0.99690484,0.00909,0.00128,1.057e-12,"exposure",TRUE,"reported","L4M3yN","textfile"
"496","rs2301015","T","C",0.341084,-0.01065,0.00112,1.37e-21,"exposure",TRUE,"reported","L4M3yN","textfile"
"505","rs4772268","A","G",0.332799,0.00992,0.00111,4.025e-19,"exposure",TRUE,"reported","L4M3yN","textfile"
"506","rs7632819","A","G",0.76138,-0.01301,0.00122,1.126e-26,"exposure",TRUE,"reported","L4M3yN","textfile"
"511","rs13252156","A","C",0.416954,0.00899,0.00107,4.686e-17,"exposure",TRUE,"reported","L4M3yN","textfile"
"516","rs4583487","T","G",0.379858,0.02298,0.00107,2.58e-102,"exposure",TRUE,"reported","L4M3yN","textfile"
"533","rs143747834","C","G",0.219187,-0.00782,0.0013,1.57e-09,"exposure",TRUE,"reported","L4M3yN","textfile"
"534","rs1182532","A","C",0.145642,0.01107,0.00146,3.997e-14,"exposure",TRUE,"reported","L4M3yN","textfile"
"536","rs11172371","T","C",0.313705,-0.0107,0.00112,1.233e-21,"exposure",TRUE,"reported","L4M3yN","textfile"
"540","rs10167909","T","C",0.197244,0.00897,0.00127,1.984e-12,"exposure",TRUE,"reported","L4M3yN","textfile"
"551","rs118134876","T","C",0.0534493,-0.03109,0.00219,6.973e-46,"exposure",TRUE,"reported","L4M3yN","textfile"
"554","rs9374194","T","C",0.808593,-0.00881,0.00133,4.058e-11,"exposure",TRUE,"reported","L4M3yN","textfile"
"563","rs567775","T","C",0.476794,0.00697,0.00105,2.727e-11,"exposure",TRUE,"reported","L4M3yN","textfile"
"565","rs1056010","T","C",0.586834,-0.00998,0.00107,1.229e-20,"exposure",TRUE,"reported","L4M3yN","textfile"
"594","rs115124024","A","C",0.9526486,0.01783,0.00241,1.465e-13,"exposure",TRUE,"reported","L4M3yN","textfile"
"609","rs7109373","A","T",0.805929,0.01041,0.00132,2.899e-15,"exposure",TRUE,"reported","L4M3yN","textfile"
"614","rs34488670","T","C",0.785694,0.01402,0.00128,6.793e-28,"exposure",TRUE,"reported","L4M3yN","textfile"
"616","rs12234936","T","C",0.420465,-0.0146,0.00106,6.538e-43,"exposure",TRUE,"reported","L4M3yN","textfile"
"627","rs12699131","A","G",0.471158,0.01382,0.00105,1.045e-39,"exposure",TRUE,"reported","L4M3yN","textfile"
"639","rs11861256","A","C",0.191839,0.01004,0.00133,4.733e-14,"exposure",TRUE,"reported","L4M3yN","textfile"
"642","rs8020023","A","G",0.247182,0.01445,0.00123,6.336e-32,"exposure",TRUE,"reported","L4M3yN","textfile"
"646","rs16844417","A","G",0.108593,-0.00932,0.00163,1.09e-08,"exposure",TRUE,"reported","L4M3yN","textfile"
"649","rs4141463","T","C",0.429104,-0.00864,0.00106,3.895e-16,"exposure",TRUE,"reported","L4M3yN","textfile"
"655","rs7296742","A","G",0.274145,-0.00855,0.00116,2.056e-13,"exposure",TRUE,"reported","L4M3yN","textfile"
"663","rs77584294","A","C",0.0372498,0.02591,0.00268,3.857e-22,"exposure",TRUE,"reported","L4M3yN","textfile"
"669","rs6747129","A","G",0.119495,-0.01568,0.00173,1.137e-19,"exposure",TRUE,"reported","L4M3yN","textfile"
"683","rs12339610","T","C",0.745827,0.00904,0.0012,4.083e-14,"exposure",TRUE,"reported","L4M3yN","textfile"
"685","rs78410329","T","C",0.237404,0.01783,0.00126,1.632e-45,"exposure",TRUE,"reported","L4M3yN","textfile"
"691","rs2303907","T","C",0.517847,0.00852,0.00105,4.151e-16,"exposure",TRUE,"reported","L4M3yN","textfile"
"693","rs9540920","A","G",0.578703,0.00584,0.00106,3.378e-08,"exposure",TRUE,"reported","L4M3yN","textfile"
"694","rs2974337","T","C",0.478134,0.0118,0.00105,2.416e-29,"exposure",TRUE,"reported","L4M3yN","textfile"
"696","rs72819955","T","C",0.0248845,-0.02482,0.00306,4.87e-16,"exposure",TRUE,"reported","L4M3yN","textfile"
"704","rs7977614","A","G",0.725085,-0.01115,0.00118,2.528e-21,"exposure",TRUE,"reported","L4M3yN","textfile"
"707","rs1464018","T","C",0.245288,-0.01361,0.00128,2.812e-26,"exposure",TRUE,"reported","L4M3yN","textfile"
"710","rs6721505","A","G",0.324669,0.00736,0.00112,4.092e-11,"exposure",TRUE,"reported","L4M3yN","textfile"
"711","rs17721326","T","C",0.292208,0.00865,0.00115,4.753e-14,"exposure",TRUE,"reported","L4M3yN","textfile"
"730","rs12613500","C","G",0.424022,0.01013,0.00106,1e-21,"exposure",TRUE,"reported","L4M3yN","textfile"
"739","rs10745307","A","G",0.564829,-0.01069,0.00105,2.849e-24,"exposure",TRUE,"reported","L4M3yN","textfile"
"742","rs78116078","C","G",0.726332,0.0093,0.00116,1.282e-15,"exposure",TRUE,"reported","L4M3yN","textfile"
"743","rs73210523","A","G",0.164906,0.01184,0.00138,9.72e-18,"exposure",TRUE,"reported","L4M3yN","textfile"
"750","rs12828220","T","C",0.598352,-0.00975,0.00109,2.789e-19,"exposure",TRUE,"reported","L4M3yN","textfile"
"768","rs4375600","A","G",0.104635,-0.01001,0.00181,3.18e-08,"exposure",TRUE,"reported","L4M3yN","textfile"
"771","rs6547396","T","C",0.579674,0.00772,0.00107,4.491e-13,"exposure",TRUE,"reported","L4M3yN","textfile"
"792","rs2371001","A","G",0.500601,-0.00929,0.00105,7.151e-19,"exposure",TRUE,"reported","L4M3yN","textfile"
"793","rs561655","A","G",0.653403,-0.00891,0.0011,5.691e-16,"exposure",TRUE,"reported","L4M3yN","textfile"
"803","rs12201073","T","C",0.352633,-0.00708,0.00108,5.021e-11,"exposure",TRUE,"reported","L4M3yN","textfile"
"804","rs9372734","T","C",0.463597,0.02191,0.00105,3.15e-97,"exposure",TRUE,"reported","L4M3yN","textfile"
"805","rs7788620","A","G",0.785541,0.0167,0.00126,8.272e-40,"exposure",TRUE,"reported","L4M3yN","textfile"
"812","rs4846724","A","G",0.531722,0.00767,0.00105,2.623e-13,"exposure",TRUE,"reported","L4M3yN","textfile"
"814","rs73141547","A","T",0.658577,-0.01561,0.0011,1.269e-45,"exposure",TRUE,"reported","L4M3yN","textfile"
"818","rs17266097","T","C",0.385679,0.00879,0.00107,1.996e-16,"exposure",TRUE,"reported","L4M3yN","textfile"
"820","rs66488846","A","T",0.444272,0.00711,0.00105,1.549e-11,"exposure",TRUE,"reported","L4M3yN","textfile"
"842","rs1585524","A","G",0.473314,0.00576,0.00106,4.657e-08,"exposure",TRUE,"reported","L4M3yN","textfile"
"862","rs786244","C","G",0.341007,0.01025,0.00109,6.087e-21,"exposure",TRUE,"reported","L4M3yN","textfile"
"868","rs80171383","A","G",0.125085,0.01462,0.00153,1.182e-21,"exposure",TRUE,"reported","L4M3yN","textfile"
"870","rs36048136","A","G",0.207607,0.01179,0.00125,4.696e-21,"exposure",TRUE,"reported","L4M3yN","textfile"
"871","rs2364972","A","G",0.548476,0.00719,0.00105,7.72e-12,"exposure",TRUE,"reported","L4M3yN","textfile"
"885","rs1387148","A","C",0.192809,-0.00946,0.00131,5.938e-13,"exposure",TRUE,"reported","L4M3yN","textfile"
"893","rs2964252","A","G",0.321605,0.01024,0.00113,1.298e-19,"exposure",TRUE,"reported","L4M3yN","textfile"
"898","rs7150195","T","G",0.365306,0.01365,0.00108,1.439e-36,"exposure",TRUE,"reported","L4M3yN","textfile"
"905","rs10481106","A","G",0.156283,-0.01237,0.00144,8.902e-18,"exposure",TRUE,"reported","L4M3yN","textfile"
"910","rs3013170","T","C",0.596427,0.00707,0.00107,4.528e-11,"exposure",TRUE,"reported","L4M3yN","textfile"
"924","rs10887465","A","C",0.274546,0.01276,0.00118,4.909e-27,"exposure",TRUE,"reported","L4M3yN","textfile"
"951","rs1039617","T","C",0.40907,-0.00785,0.00106,1.406e-13,"exposure",TRUE,"reported","L4M3yN","textfile"
"953","rs192230289","T","C",0.0163074,-0.02665,0.00406,5.236e-11,"exposure",TRUE,"reported","L4M3yN","textfile"
"958","rs72748123","A","G",0.15967,-0.0118,0.00142,7.742e-17,"exposure",TRUE,"reported","L4M3yN","textfile"
"959","rs12893970","A","G",0.087219,-0.01272,0.00176,4.755e-13,"exposure",TRUE,"reported","L4M3yN","textfile"
"963","rs4879832","T","C",0.391423,-0.00637,0.00108,3.556e-09,"exposure",TRUE,"reported","L4M3yN","textfile"
"965","rs13138842","A","G",0.193224,0.00834,0.00132,2.703e-10,"exposure",TRUE,"reported","L4M3yN","textfile"
"973","rs2154209","T","C",0.800832,-0.00779,0.00131,2.512e-09,"exposure",TRUE,"reported","L4M3yN","textfile"
"978","rs71366589","T","C",0.983862,0.02255,0.00373,1.462e-09,"exposure",TRUE,"reported","L4M3yN","textfile"
"980","rs623200","T","C",0.398322,0.00704,0.00108,5.79e-11,"exposure",TRUE,"reported","L4M3yN","textfile"
"985","rs9356034","T","C",0.669249,0.01034,0.00113,4.673e-20,"exposure",TRUE,"reported","L4M3yN","textfile"
"991","rs6839051","A","C",0.383262,-0.0069,0.00108,1.435e-10,"exposure",TRUE,"reported","L4M3yN","textfile"
"997","rs55640000","T","G",0.633985,-0.00774,0.00109,1.38e-12,"exposure",TRUE,"reported","L4M3yN","textfile"
"998","rs6779981","T","C",0.599138,0.00676,0.00107,2.394e-10,"exposure",TRUE,"reported","L4M3yN","textfile"
"1001","rs4812818","T","G",0.184108,-0.00739,0.00132,2.234e-08,"exposure",TRUE,"reported","L4M3yN","textfile"
"1013","rs13212041","T","C",0.799707,0.01123,0.00131,9.056e-18,"exposure",TRUE,"reported","L4M3yN","textfile"
"1020","rs7302808","T","C",0.481475,0.00641,0.00106,1.222e-09,"exposure",TRUE,"reported","L4M3yN","textfile"
"1030","rs56409354","A","G",0.218232,-0.01599,0.00127,1.639e-36,"exposure",TRUE,"reported","L4M3yN","textfile"
"1040","rs7009856","C","G",0.403711,0.00671,0.00107,4.121e-10,"exposure",TRUE,"reported","L4M3yN","textfile"
"1044","rs145481578","T","C",0.0193409,0.02354,0.00386,1.087e-09,"exposure",TRUE,"reported","L4M3yN","textfile"
"1046","rs2498018","C","G",0.186464,-0.00893,0.00133,1.922e-11,"exposure",TRUE,"reported","L4M3yN","textfile"
"1051","rs13159124","A","G",0.692224,-0.01127,0.00112,1.012e-23,"exposure",TRUE,"reported","L4M3yN","textfile"
"1066","rs5021426","T","C",0.716215,-0.01116,0.00117,1.657e-21,"exposure",TRUE,"reported","L4M3yN","textfile"
"1073","rs7032484","A","G",0.56854,0.01301,0.00106,6.755e-35,"exposure",TRUE,"reported","L4M3yN","textfile"
"1083","rs748832","A","G",0.637635,0.01007,0.00108,1.608e-20,"exposure",TRUE,"reported","L4M3yN","textfile"
"1087","rs42210","C","G",0.691685,-0.01177,0.00116,3.129e-24,"exposure",TRUE,"reported","L4M3yN","textfile"
"1093","rs1334297","A","G",0.750955,0.024,0.00119,8.08e-90,"exposure",TRUE,"reported","L4M3yN","textfile"
"1095","rs6731373","A","G",0.320296,-0.00872,0.0011,2.635e-15,"exposure",TRUE,"reported","L4M3yN","textfile"
"1099","rs1024374","C","G",0.519664,0.00976,0.00105,2.046e-20,"exposure",TRUE,"reported","L4M3yN","textfile"
"1106","rs10739569","C","G",0.696458,-0.00723,0.00114,2.493e-10,"exposure",TRUE,"reported","L4M3yN","textfile"
"1112","rs28381527","A","G",0.0769479,-0.01999,0.00195,9.736e-25,"exposure",TRUE,"reported","L4M3yN","textfile"
"1119","rs137121","T","C",0.126809,0.01266,0.00157,8.117e-16,"exposure",TRUE,"reported","L4M3yN","textfile"
"1122","rs7338804","A","G",0.143363,-0.0084,0.0015,2.268e-08,"exposure",TRUE,"reported","L4M3yN","textfile"
"1124","rs8025575","C","G",0.460071,-0.00802,0.00105,2.558e-14,"exposure",TRUE,"reported","L4M3yN","textfile"
"1125","rs10734924","T","G",0.25696,-0.01176,0.00119,4.798e-23,"exposure",TRUE,"reported","L4M3yN","textfile"
"1130","rs7187692","C","G",0.517986,0.01101,0.00105,7.709e-26,"exposure",TRUE,"reported","L4M3yN","textfile"
"1154","rs4876775","A","G",0.337943,-0.01126,0.00113,1.648e-23,"exposure",TRUE,"reported","L4M3yN","textfile"
"1159","rs7983020","T","C",0.703157,-0.00893,0.00116,1.336e-14,"exposure",TRUE,"reported","L4M3yN","textfile"
"1163","rs989996","T","C",0.439205,-0.00942,0.00105,2.978e-19,"exposure",TRUE,"reported","L4M3yN","textfile"
"1170","rs4864881","T","C",0.596397,-0.00698,0.00107,7.738e-11,"exposure",TRUE,"reported","L4M3yN","textfile"
"1172","rs56194430","T","C",0.16081,-0.01861,0.00141,5.716e-40,"exposure",TRUE,"reported","L4M3yN","textfile"
"1178","rs586829","A","G",0.634047,0.00992,0.00108,5.487e-20,"exposure",TRUE,"reported","L4M3yN","textfile"
"1181","rs7762296","T","C",0.312165,-0.00835,0.00114,2.018e-13,"exposure",TRUE,"reported","L4M3yN","textfile"
"1190","rs73117392","T","C",0.9481675,-0.02312,0.00228,3.556e-24,"exposure",TRUE,"reported","L4M3yN","textfile"
"1220","rs11925699","A","G",0.463366,-0.00766,0.00105,2.733e-13,"exposure",TRUE,"reported","L4M3yN","textfile"
"1221","rs10815961","T","C",0.490992,0.00635,0.00105,1.299e-09,"exposure",TRUE,"reported","L4M3yN","textfile"
"1224","rs2639655","C","G",0.805759,0.00922,0.00133,3.537e-12,"exposure",TRUE,"reported","L4M3yN","textfile"
"1227","rs10874759","A","G",0.652741,0.01289,0.0011,1.082e-31,"exposure",TRUE,"reported","L4M3yN","textfile"
"1239","rs7469569","T","C",0.346058,0.00953,0.0011,3.573e-18,"exposure",TRUE,"reported","L4M3yN","textfile"
"1247","rs17881016","A","G",0.742408,-0.01314,0.0012,5.273e-28,"exposure",TRUE,"reported","L4M3yN","textfile"
"1256","rs10819974","T","C",0.222836,-0.00815,0.00123,3.952e-11,"exposure",TRUE,"reported","L4M3yN","textfile"
"1259","rs62079997","T","C",0.543717,-0.00677,0.00106,1.497e-10,"exposure",TRUE,"reported","L4M3yN","textfile"
"1275","rs11019128","T","C",0.359116,-0.00871,0.00108,6.346e-16,"exposure",TRUE,"reported","L4M3yN","textfile"
"1288","rs9317202","T","C",0.698845,0.00979,0.00114,1.266e-17,"exposure",TRUE,"reported","L4M3yN","textfile"
"1296","rs12055782","A","G",0.725069,-0.01178,0.00116,4.154e-24,"exposure",TRUE,"reported","L4M3yN","textfile"
"1306","rs57349798","A","G",0.39886,0.0095,0.00106,4.319e-19,"exposure",TRUE,"reported","L4M3yN","textfile"
"1309","rs7312511","T","C",0.104697,-0.00978,0.00176,2.548e-08,"exposure",TRUE,"reported","L4M3yN","textfile"
"1311","rs72674843","T","C",0.724961,-0.01069,0.00121,1.013e-18,"exposure",TRUE,"reported","L4M3yN","textfile"
"1320","rs6534338","T","C",0.297644,0.01047,0.00114,4.141e-20,"exposure",TRUE,"reported","L4M3yN","textfile"
"1323","rs1820986","A","G",0.146905,-0.0116,0.00152,2.349e-14,"exposure",TRUE,"reported","L4M3yN","textfile"
"1325","rs139872934","T","C",0.09421,0.0138,0.00182,3.174e-14,"exposure",TRUE,"reported","L4M3yN","textfile"
"1341","rs795540","T","C",0.590622,-0.00798,0.00106,5.952e-14,"exposure",TRUE,"reported","L4M3yN","textfile"
"1349","rs11724690","T","G",0.282861,0.00949,0.00115,1.454e-16,"exposure",TRUE,"reported","L4M3yN","textfile"
"1352","rs8044562","A","G",0.276794,-0.01193,0.00116,8.335e-25,"exposure",TRUE,"reported","L4M3yN","textfile"
"1366","rs16962221","A","G",0.350955,0.00748,0.0011,1.083e-11,"exposure",TRUE,"reported","L4M3yN","textfile"
"1367","rs184654","C","G",0.838451,0.0165,0.00143,1.129e-30,"exposure",TRUE,"reported","L4M3yN","textfile"
"1371","rs2160514","A","C",0.567508,-0.01111,0.00105,5.901e-26,"exposure",TRUE,"reported","L4M3yN","textfile"
"1379","rs424387","C","G",0.598583,-0.00617,0.00107,7.093e-09,"exposure",TRUE,"reported","L4M3yN","textfile"
"1382","rs13010288","T","G",0.123314,0.0201,0.00157,1.298e-37,"exposure",TRUE,"reported","L4M3yN","textfile"
"1399","rs114468556","A","T",0.0370804,0.02949,0.00261,1.22e-29,"exposure",TRUE,"reported","L4M3yN","textfile"
"1404","rs2610990","A","G",0.273545,0.01158,0.0012,3.461e-22,"exposure",TRUE,"reported","L4M3yN","textfile"
"1407","rs11159067","A","G",0.657545,0.00948,0.00111,1.836e-17,"exposure",TRUE,"reported","L4M3yN","textfile"
"1420","rs72915557","A","G",0.0519711,-0.02057,0.00221,1.158e-20,"exposure",TRUE,"reported","L4M3yN","textfile"
"1422","rs34719425","T","C",0.25097,0.00951,0.00122,8.074e-15,"exposure",TRUE,"reported","L4M3yN","textfile"
"1424","rs4390219","T","C",0.31409,-0.00748,0.00113,3.368e-11,"exposure",TRUE,"reported","L4M3yN","textfile"
"1427","rs150121450","T","G",0.0285186,0.01966,0.00304,1.017e-10,"exposure",TRUE,"reported","L4M3yN","textfile"
"1428","rs1156541","T","C",0.763335,0.00705,0.00125,1.514e-08,"exposure",TRUE,"reported","L4M3yN","textfile"
"1433","rs12362273","A","C",0.771743,-0.00708,0.00123,7.885e-09,"exposure",TRUE,"reported","L4M3yN","textfile"
"1434","rs1392816","T","C",0.371528,0.00959,0.00108,5.424e-19,"exposure",TRUE,"reported","L4M3yN","textfile"
"1436","rs10193498","A","T",0.730536,0.01127,0.0012,7.89e-21,"exposure",TRUE,"reported","L4M3yN","textfile"
"1443","rs117005905","T","C",0.115491,0.01558,0.00162,5.633e-22,"exposure",TRUE,"reported","L4M3yN","textfile"
"1453","rs62367470","T","C",0.1838,0.00799,0.00137,5.829e-09,"exposure",TRUE,"reported","L4M3yN","textfile"
"1454","rs9537509","T","C",0.744256,-0.00701,0.0012,5.316e-09,"exposure",TRUE,"reported","L4M3yN","textfile"
"1465","rs10887592","A","G",0.256452,0.00652,0.00118,3.336e-08,"exposure",TRUE,"reported","L4M3yN","textfile"
"1470","rs4869579","T","C",0.515645,0.00634,0.00105,1.442e-09,"exposure",TRUE,"reported","L4M3yN","textfile"
"1489","rs1125854","T","C",0.361334,-0.00773,0.00108,8.957e-13,"exposure",TRUE,"reported","L4M3yN","textfile"
"1492","rs9635366","A","G",0.211041,0.0161,0.00136,1.978e-32,"exposure",TRUE,"reported","L4M3yN","textfile"
"1493","rs144241352","A","T",0.0353711,-0.01686,0.00292,7.508e-09,"exposure",TRUE,"reported","L4M3yN","textfile"
"1497","rs3863241","T","C",0.536187,-0.00859,0.00105,2.856e-16,"exposure",TRUE,"reported","L4M3yN","textfile"
"1498","rs6020560","T","C",0.51389,-0.00957,0.00105,6.936e-20,"exposure",TRUE,"reported","L4M3yN","textfile"
"1502","rs590013","T","C",0.650293,0.01107,0.00111,2.962e-23,"exposure",TRUE,"reported","L4M3yN","textfile"
"1506","rs3796432","T","G",0.365938,0.00684,0.00108,2.67e-10,"exposure",TRUE,"reported","L4M3yN","textfile"
"1507","rs2063569","C","G",0.373745,-0.00962,0.00108,6.076e-19,"exposure",TRUE,"reported","L4M3yN","textfile"
"1508","rs903981","T","G",0.431414,-0.00715,0.00106,1.733e-11,"exposure",TRUE,"reported","L4M3yN","textfile"
"1511","rs1865880","T","C",0.354774,-0.00615,0.00109,1.613e-08,"exposure",TRUE,"reported","L4M3yN","textfile"
"1515","rs56306348","A","G",0.624761,0.00748,0.00108,3.782e-12,"exposure",TRUE,"reported","L4M3yN","textfile"
"1526","rs7172133","A","C",0.688605,0.00742,0.00113,4.923e-11,"exposure",TRUE,"reported","L4M3yN","textfile"
"1529","rs2824194","A","T",0.495642,0.00726,0.00105,3.972e-12,"exposure",TRUE,"reported","L4M3yN","textfile"
"1538","rs4467547","T","G",0.384416,0.01322,0.00107,3.439e-35,"exposure",TRUE,"reported","L4M3yN","textfile"
"1557","rs356903","T","C",0.266615,-0.00719,0.00121,2.457e-09,"exposure",TRUE,"reported","L4M3yN","textfile"
"1558","rs35414043","A","G",0.0773483,-0.01539,0.00197,5.576e-15,"exposure",TRUE,"reported","L4M3yN","textfile"
"1564","rs78462816","A","G",0.887558,-0.01037,0.00162,1.419e-10,"exposure",TRUE,"reported","L4M3yN","textfile"
"1565","rs1483148","T","G",0.719048,0.01209,0.00118,1.28e-24,"exposure",TRUE,"reported","L4M3yN","textfile"
"1566","rs7027019","T","C",0.677271,-0.00618,0.00112,3.264e-08,"exposure",TRUE,"reported","L4M3yN","textfile"
"1571","rs35375125","T","C",0.621836,-0.00946,0.00109,5.192e-18,"exposure",TRUE,"reported","L4M3yN","textfile"
"1576","rs9871964","T","C",0.181013,-0.00951,0.00138,5.42e-12,"exposure",TRUE,"reported","L4M3yN","textfile"
"1582","rs382196","T","G",0.360841,-0.00703,0.00108,7.531e-11,"exposure",TRUE,"reported","L4M3yN","textfile"
"1586","rs28588750","A","G",0.654881,0.01146,0.00109,7.584e-26,"exposure",TRUE,"reported","L4M3yN","textfile"
"1588","rs12113634","T","C",0.65,0.00908,0.00109,9.23e-17,"exposure",TRUE,"reported","L4M3yN","textfile"
"1591","rs112780312","A","G",0.283508,-0.0096,0.00116,1.103e-16,"exposure",TRUE,"reported","L4M3yN","textfile"
"1594","rs77187837","T","C",0.122713,0.01293,0.0016,5.827e-16,"exposure",TRUE,"reported","L4M3yN","textfile"
"1606","rs1128687","T","C",0.59247,-0.00813,0.00106,1.752e-14,"exposure",TRUE,"reported","L4M3yN","textfile"
"1618","rs75795256","T","C",0.9097937,-0.0136,0.00183,1.04e-13,"exposure",TRUE,"reported","L4M3yN","textfile"
"1630","rs4883624","T","C",0.465953,-0.00689,0.00105,5.983e-11,"exposure",TRUE,"reported","L4M3yN","textfile"
"1633","rs1866710","A","G",0.285987,-0.01449,0.00116,1.069e-35,"exposure",TRUE,"reported","L4M3yN","textfile"
"1634","rs6898748","T","C",0.56024,-0.00661,0.00105,3.577e-10,"exposure",TRUE,"reported","L4M3yN","textfile"
"1638","rs1291865","T","G",0.53785,-0.01031,0.00105,6.829e-23,"exposure",TRUE,"reported","L4M3yN","textfile"
"1641","rs12790564","C","G",0.458177,0.00608,0.00107,1.264e-08,"exposure",TRUE,"reported","L4M3yN","textfile"
"1644","rs6428152","A","G",0.290037,-0.00805,0.00117,5.486e-12,"exposure",TRUE,"reported","L4M3yN","textfile"
"1660","rs7668960","T","C",0.17028,0.01587,0.00145,5.423e-28,"exposure",TRUE,"reported","L4M3yN","textfile"
"1665","rs72695265","T","C",0.225778,-0.00962,0.00124,1.125e-14,"exposure",TRUE,"reported","L4M3yN","textfile"
"1677","rs60814418","T","C",0.214444,-0.02263,0.00126,5.231e-72,"exposure",TRUE,"reported","L4M3yN","textfile"
"1685","rs80049472","A","G",0.103942,-0.00963,0.00169,1.167e-08,"exposure",TRUE,"reported","L4M3yN","textfile"
"1689","rs4818226","A","G",0.31446,0.01122,0.00112,1.507e-23,"exposure",TRUE,"reported","L4M3yN","textfile"
"1695","rs1689510","C","G",0.31449,0.01744,0.00112,3.98e-55,"exposure",TRUE,"reported","L4M3yN","textfile"
"1701","rs10732635","T","G",0.551293,0.00697,0.00105,3.766e-11,"exposure",TRUE,"reported","L4M3yN","textfile"
"1706","rs7430651","T","C",0.274207,-0.01126,0.00116,2.217e-22,"exposure",TRUE,"reported","L4M3yN","textfile"
"1714","rs1278537","T","G",0.478318,-0.00674,0.00105,1.244e-10,"exposure",TRUE,"reported","L4M3yN","textfile"
"1715","rs72625841","T","G",0.714937,0.00865,0.00119,3.779e-13,"exposure",TRUE,"reported","L4M3yN","textfile"
"1737","rs7254263","T","C",0.29498,-0.00993,0.00115,7.901e-18,"exposure",TRUE,"reported","L4M3yN","textfile"
"1743","rs11772108","A","T",0.7172,-0.0082,0.00117,2.444e-12,"exposure",TRUE,"reported","L4M3yN","textfile"
"1749","rs79925479","T","G",0.0520788,0.01354,0.00229,3.636e-09,"exposure",TRUE,"reported","L4M3yN","textfile"
"1752","rs12897763","A","G",0.189159,0.01968,0.00133,1.73e-49,"exposure",TRUE,"reported","L4M3yN","textfile"
"1767","rs12915175","A","G",0.189637,-0.00832,0.00135,7.751e-10,"exposure",TRUE,"reported","L4M3yN","textfile"
"1780","rs67033024","A","G",0.847598,0.00934,0.00153,9.767e-10,"exposure",TRUE,"reported","L4M3yN","textfile"
"1788","rs2631535","A","G",0.336141,0.0123,0.00111,2.438e-28,"exposure",TRUE,"reported","L4M3yN","textfile"
"1789","rs12150824","A","G",0.255205,0.00718,0.00119,1.621e-09,"exposure",TRUE,"reported","L4M3yN","textfile"
"1803","rs2447091","T","C",0.627472,0.00912,0.00108,2.388e-17,"exposure",TRUE,"reported","L4M3yN","textfile"
"1807","rs3943933","A","T",0.507607,-0.01181,0.00105,1.582e-29,"exposure",TRUE,"reported","L4M3yN","textfile"
"1808","rs1329125","T","C",0.308208,-0.01243,0.00112,1.059e-28,"exposure",TRUE,"reported","L4M3yN","textfile"
"1809","rs2630767","T","C",0.474376,0.013,0.00105,6.555e-35,"exposure",TRUE,"reported","L4M3yN","textfile"
"1822","rs2614463","A","T",0.611441,-0.0099,0.00106,1.322e-20,"exposure",TRUE,"reported","L4M3yN","textfile"
"1829","rs12632133","A","G",0.0779027,0.01129,0.002,1.574e-08,"exposure",TRUE,"reported","L4M3yN","textfile"
"1833","rs960740","A","T",0.484478,-0.01129,0.00105,4.122e-27,"exposure",TRUE,"reported","L4M3yN","textfile"
"1838","rs80352808","A","G",0.286803,-0.00751,0.00116,1.148e-10,"exposure",TRUE,"reported","L4M3yN","textfile"
"1843","rs4667878","A","T",0.186126,0.00757,0.00134,1.655e-08,"exposure",TRUE,"reported","L4M3yN","textfile"
"1847","rs6466819","A","G",0.370696,-0.01031,0.00109,2.494e-21,"exposure",TRUE,"reported","L4M3yN","textfile"
"1859","rs17503473","T","C",0.705266,0.01194,0.00114,1.129e-25,"exposure",TRUE,"reported","L4M3yN","textfile"
"1864","rs9922788","A","G",0.408331,0.01028,0.00106,2.121e-22,"exposure",TRUE,"reported","L4M3yN","textfile"
"1873","rs6595530","A","T",0.429735,0.00608,0.00105,8.007e-09,"exposure",TRUE,"reported","L4M3yN","textfile"
"1889","rs10865834","A","G",0.253896,-0.01049,0.00121,3.584e-18,"exposure",TRUE,"reported","L4M3yN","textfile"
"1892","rs12937411","T","C",0.400847,0.01064,0.00106,1.655e-23,"exposure",TRUE,"reported","L4M3yN","textfile"
"1899","rs2884364","A","G",0.374299,-0.01595,0.00108,1.286e-49,"exposure",TRUE,"reported","L4M3yN","textfile"
"1910","rs303752","A","G",0.402402,-0.00604,0.00107,1.472e-08,"exposure",TRUE,"reported","L4M3yN","textfile"
"1913","rs9496630","A","T",0.27701,-0.00657,0.00115,1.257e-08,"exposure",TRUE,"reported","L4M3yN","textfile"
"1914","rs12155540","T","C",0.329889,0.01172,0.00111,6.826e-26,"exposure",TRUE,"reported","L4M3yN","textfile"
"1922","rs62114178","A","G",0.360333,0.00685,0.00108,2.491e-10,"exposure",TRUE,"reported","L4M3yN","textfile"
"1927","rs66671632","T","C",0.153311,-0.0104,0.00154,1.419e-11,"exposure",TRUE,"reported","L4M3yN","textfile"
"1936","rs11664320","T","C",0.591346,0.01759,0.00106,2.21e-62,"exposure",TRUE,"reported","L4M3yN","textfile"
"1960","rs7356921","T","C",0.24595,-0.01482,0.00122,9.091e-34,"exposure",TRUE,"reported","L4M3yN","textfile"
"1964","rs2026037","T","C",0.848753,0.01545,0.00143,4.557e-27,"exposure",TRUE,"reported","L4M3yN","textfile"
"1976","rs171697","C","G",0.687604,0.01517,0.00111,2.366e-42,"exposure",TRUE,"reported","L4M3yN","textfile"
"1996","rs35583726","A","G",0.836372,0.01185,0.0014,3.131e-17,"exposure",TRUE,"reported","L4M3yN","textfile"
"1998","rs1861786","A","G",0.376948,-0.00764,0.00108,1.311e-12,"exposure",TRUE,"reported","L4M3yN","textfile"
"2003","rs11181124","T","C",0.797351,-0.00825,0.00128,1.061e-10,"exposure",TRUE,"reported","L4M3yN","textfile"
"2005","rs10763979","A","G",0.61546,0.0092,0.00108,1.475e-17,"exposure",TRUE,"reported","L4M3yN","textfile"
"2022","rs1058790","A","G",0.806021,-0.01396,0.00136,1.373e-24,"exposure",TRUE,"reported","L4M3yN","textfile"
"2029","rs1786313","T","C",0.308885,0.00771,0.00113,8.148e-12,"exposure",TRUE,"reported","L4M3yN","textfile"
"2037","rs7306755","A","G",0.198168,0.01896,0.0013,2.509e-48,"exposure",TRUE,"reported","L4M3yN","textfile"
"2039","rs2841425","A","C",0.180413,-0.00853,0.00137,4.431e-10,"exposure",TRUE,"reported","L4M3yN","textfile"
"2040","rs7936656","A","G",0.313813,-0.00833,0.00112,1.125e-13,"exposure",TRUE,"reported","L4M3yN","textfile"
"2042","rs9914251","A","G",0.750616,0.0077,0.00122,2.967e-10,"exposure",TRUE,"reported","L4M3yN","textfile"
"2045","rs6499084","A","G",0.353911,0.00721,0.0011,5.558e-11,"exposure",TRUE,"reported","L4M3yN","textfile"
"2048","rs4691601","A","T",0.46118,-0.01097,0.00105,1.398e-25,"exposure",TRUE,"reported","L4M3yN","textfile"
"2051","rs6911986","T","C",0.268833,-0.00828,0.00118,2.461e-12,"exposure",TRUE,"reported","L4M3yN","textfile"
"2059","rs9993133","T","C",0.810132,0.00761,0.00138,3.496e-08,"exposure",TRUE,"reported","L4M3yN","textfile"
"2062","rs9461242","T","C",0.350955,-0.01362,0.00109,4.606e-36,"exposure",TRUE,"reported","L4M3yN","textfile"
"2065","rs77882218","T","C",0.9696027,-0.02563,0.00315,4.061e-16,"exposure",TRUE,"reported","L4M3yN","textfile"
"2072","rs1485272","T","C",0.644888,-0.00718,0.0011,7.172e-11,"exposure",TRUE,"reported","L4M3yN","textfile"
"2083","rs17563464","A","C",0.202525,-0.01268,0.00127,2.354e-23,"exposure",TRUE,"reported","L4M3yN","textfile"
"2085","rs10766450","C","G",0.446027,-0.00578,0.00106,4.454e-08,"exposure",TRUE,"reported","L4M3yN","textfile"
"2096","rs60053512","A","G",0.167447,0.01233,0.00144,1.277e-17,"exposure",TRUE,"reported","L4M3yN","textfile"
"2098","rs1971218","A","G",0.51911,0.00853,0.00105,5.785e-16,"exposure",TRUE,"reported","L4M3yN","textfile"
"2100","rs10014934","T","C",0.611318,0.00913,0.00108,3.089e-17,"exposure",TRUE,"reported","L4M3yN","textfile"
"2104","rs11757278","T","C",0.692624,-0.0082,0.00113,5.03e-13,"exposure",TRUE,"reported","L4M3yN","textfile"
"2112","rs4650228","A","G",0.462196,-0.00847,0.00105,6.694e-16,"exposure",TRUE,"reported","L4M3yN","textfile"
"2115","rs12768641","A","G",0.767447,0.0094,0.00123,1.992e-14,"exposure",TRUE,"reported","L4M3yN","textfile"
"2119","rs28561815","T","G",0.301432,0.00676,0.00116,4.891e-09,"exposure",TRUE,"reported","L4M3yN","textfile"
"2125","rs7236339","A","G",0.203419,-0.01531,0.00127,1.569e-33,"exposure",TRUE,"reported","L4M3yN","textfile"
"2137","rs2570492","A","G",0.395719,0.01299,0.00107,5.948e-34,"exposure",TRUE,"reported","L4M3yN","textfile"
"2138","rs7026972","T","C",0.649461,-0.0115,0.00109,7.083e-26,"exposure",TRUE,"reported","L4M3yN","textfile"
"2139","rs80257979","T","G",0.9701571,-0.02623,0.00295,5.766e-19,"exposure",TRUE,"reported","L4M3yN","textfile"
"2141","rs9937449","T","C",0.550693,0.00777,0.00105,1.583e-13,"exposure",TRUE,"reported","L4M3yN","textfile"
"2142","rs34984805","T","C",0.530382,0.0074,0.00105,1.536e-12,"exposure",TRUE,"reported","L4M3yN","textfile"
"2143","rs72890842","T","G",0.765152,0.0126,0.00122,4.761e-25,"exposure",TRUE,"reported","L4M3yN","textfile"
"2145","rs799443","A","T",0.671127,-0.01091,0.00111,9.302e-23,"exposure",TRUE,"reported","L4M3yN","textfile"
"2153","rs17812330","T","G",0.257453,-0.00814,0.00119,8.854e-12,"exposure",TRUE,"reported","L4M3yN","textfile"
"2154","rs9985296","T","C",0.384232,-0.01031,0.00108,9.856e-22,"exposure",TRUE,"reported","L4M3yN","textfile"
"2155","rs9555651","T","C",0.155266,0.01106,0.0014,3.029e-15,"exposure",TRUE,"reported","L4M3yN","textfile"
"2160","rs7131691","A","G",0.484247,-0.00748,0.00105,1.088e-12,"exposure",TRUE,"reported","L4M3yN","textfile"
"2172","rs4663617","A","T",0.230413,0.01035,0.00123,3.173e-17,"exposure",TRUE,"reported","L4M3yN","textfile"
"2180","rs1632822","C","G",0.369125,0.00588,0.00108,4.912e-08,"exposure",TRUE,"reported","L4M3yN","textfile"
"2188","rs10180845","T","C",0.656098,-0.0096,0.00109,1.023e-18,"exposure",TRUE,"reported","L4M3yN","textfile"
"2204","rs2504846","T","C",0.031675,-0.02579,0.00328,3.743e-15,"exposure",TRUE,"reported","L4M3yN","textfile"
"2215","rs115003386","C","G",0.0509855,0.01341,0.00244,3.818e-08,"exposure",TRUE,"reported","L4M3yN","textfile"
"2229","rs474000","A","G",0.430474,0.00642,0.00105,1.101e-09,"exposure",TRUE,"reported","L4M3yN","textfile"
"2235","rs12658400","A","T",0.471589,0.0067,0.00105,1.653e-10,"exposure",TRUE,"reported","L4M3yN","textfile"
"2237","rs9859719","A","G",0.211395,-0.01128,0.00126,3.673e-19,"exposure",TRUE,"reported","L4M3yN","textfile"
"2238","rs116173579","T","C",0.0347552,-0.01649,0.00293,1.735e-08,"exposure",TRUE,"reported","L4M3yN","textfile"
"2250","rs2430813","T","C",0.764875,0.01103,0.00125,8.621e-19,"exposure",TRUE,"reported","L4M3yN","textfile"
"2253","rs9930253","A","T",0.280551,-0.00986,0.00117,3.119e-17,"exposure",TRUE,"reported","L4M3yN","textfile"
"2258","rs62172117","A","G",0.343286,0.01356,0.0011,3.349e-35,"exposure",TRUE,"reported","L4M3yN","textfile"
"2267","rs422247","T","C",0.739452,0.00753,0.0012,3.558e-10,"exposure",TRUE,"reported","L4M3yN","textfile"
"2273","rs7328289","T","C",0.794041,-0.00703,0.00127,3.286e-08,"exposure",TRUE,"reported","L4M3yN","textfile"
"2283","rs565960","T","C",0.702325,0.00875,0.00116,3.752e-14,"exposure",TRUE,"reported","L4M3yN","textfile"
"2314","rs113389222","T","C",0.11409,-0.0117,0.0016,2.675e-13,"exposure",TRUE,"reported","L4M3yN","textfile"
"2320","rs1738050","C","G",0.630459,-0.011,0.00108,1.488e-24,"exposure",TRUE,"reported","L4M3yN","textfile"
"2330","rs158839","A","C",0.617278,-0.00623,0.00107,6.416e-09,"exposure",TRUE,"reported","L4M3yN","textfile"
"2331","rs6580068","T","C",0.224638,-0.00931,0.00127,1.964e-13,"exposure",TRUE,"reported","L4M3yN","textfile"
"2340","rs7449561","A","G",0.234278,0.00973,0.00125,6.829e-15,"exposure",TRUE,"reported","L4M3yN","textfile"
"2344","rs7304399","A","G",0.4585,0.01093,0.00105,2.156e-25,"exposure",TRUE,"reported","L4M3yN","textfile"
"2351","rs9540731","T","C",0.500693,0.01075,0.00105,9.927e-25,"exposure",TRUE,"reported","L4M3yN","textfile"
"2354","rs1490834","A","G",0.549892,-0.00639,0.00105,1.147e-09,"exposure",TRUE,"reported","L4M3yN","textfile"
"2356","rs792213","A","C",0.41178,0.00733,0.00106,5.31e-12,"exposure",TRUE,"reported","L4M3yN","textfile"
"2371","rs33002","A","T",0.463382,-0.00663,0.00105,3.076e-10,"exposure",TRUE,"reported","L4M3yN","textfile"
"2380","rs11571404","T","C",0.175716,0.00875,0.00132,3.268e-11,"exposure",TRUE,"reported","L4M3yN","textfile"
"2384","rs61964892","T","C",0.781999,-0.00785,0.00128,8.759e-10,"exposure",TRUE,"reported","L4M3yN","textfile"
"2385","rs6801153","T","C",0.247351,-0.00856,0.00122,2.113e-12,"exposure",TRUE,"reported","L4M3yN","textfile"
"2394","rs141503359","T","C",0.0142593,-0.02835,0.00478,2.973e-09,"exposure",TRUE,"reported","L4M3yN","textfile"
"2396","rs2174752","T","G",0.435186,-0.00862,0.00105,2.36e-16,"exposure",TRUE,"reported","L4M3yN","textfile"
"2406","rs35319653","T","C",0.326178,0.0147,0.0011,2.163e-40,"exposure",TRUE,"reported","L4M3yN","textfile"
"2411","rs73055556","A","G",0.135587,0.01112,0.00152,2.507e-13,"exposure",TRUE,"reported","L4M3yN","textfile"
"2412","rs2901785","A","G",0.468817,0.01412,0.00105,4.523e-41,"exposure",TRUE,"reported","L4M3yN","textfile"
"2413","rs3869097","T","C",0.333061,-0.009,0.00112,1.097e-15,"exposure",TRUE,"reported","L4M3yN","textfile"
"2422","rs4805761","A","G",0.150277,-0.01395,0.00145,5.971e-22,"exposure",TRUE,"reported","L4M3yN","textfile"
"2428","rs6545559","T","C",0.316554,-0.00767,0.00112,8.215e-12,"exposure",TRUE,"reported","L4M3yN","textfile"
"2433","rs2210174","T","C",0.622498,0.00613,0.00108,1.328e-08,"exposure",TRUE,"reported","L4M3yN","textfile"
"2441","rs1980099","A","G",0.79595,0.01108,0.00135,2.603e-16,"exposure",TRUE,"reported","L4M3yN","textfile"
"2443","rs4076457","T","C",0.237912,0.01222,0.00121,4.468e-24,"exposure",TRUE,"reported","L4M3yN","textfile"
"2453","rs4679353","A","G",0.614844,0.00717,0.00108,2.998e-11,"exposure",TRUE,"reported","L4M3yN","textfile"
"2460","rs6502670","T","G",0.617416,-0.00746,0.00109,7.555e-12,"exposure",TRUE,"reported","L4M3yN","textfile"
"2475","rs72778512","C","G",0.9133354,-0.01223,0.00185,3.814e-11,"exposure",TRUE,"reported","L4M3yN","textfile"
"2478","rs4409028","A","C",0.63611,0.00596,0.00109,4.873e-08,"exposure",TRUE,"reported","L4M3yN","textfile"
"2489","rs12506222","T","C",0.467354,-0.01423,0.00105,1.503e-41,"exposure",TRUE,"reported","L4M3yN","textfile"
"2494","rs1835388","T","C",0.482738,-0.00815,0.00105,7.694e-15,"exposure",TRUE,"reported","L4M3yN","textfile"
"2495","rs5765717","T","G",0.478164,-0.00724,0.00105,4.659e-12,"exposure",TRUE,"reported","L4M3yN","textfile"
"2506","rs165633","A","G",0.7836,-0.01233,0.00124,2.248e-23,"exposure",TRUE,"reported","L4M3yN","textfile"
"2519","rs66977236","A","G",0.00189406,-0.00875,0.00126,4.169e-12,"exposure",TRUE,"reported","L4M3yN","textfile"
"2521","rs1483814","T","G",0.191407,0.00734,0.00131,2.013e-08,"exposure",TRUE,"reported","L4M3yN","textfile"
"2530","rs6093705","A","C",0.682984,0.00954,0.00112,1.885e-17,"exposure",TRUE,"reported","L4M3yN","textfile"
"2546","rs10240905","T","C",0.373529,-0.01079,0.00109,3.046e-23,"exposure",TRUE,"reported","L4M3yN","textfile"
"2550","rs837080","T","C",0.535048,-0.00977,0.00105,1.074e-20,"exposure",TRUE,"reported","L4M3yN","textfile"
"2559","rs12807135","C","G",0.493086,-0.01052,0.00105,9.362e-24,"exposure",TRUE,"reported","L4M3yN","textfile"
"2560","rs4788080","T","C",0.356498,-0.01339,0.00109,1.203e-34,"exposure",TRUE,"reported","L4M3yN","textfile"
"2563","rs9388490","T","C",0.471712,0.0115,0.00105,8.432e-28,"exposure",TRUE,"reported","L4M3yN","textfile"
"2571","rs10202640","A","G",0.195966,-0.01027,0.00132,8.232e-15,"exposure",TRUE,"reported","L4M3yN","textfile"
"2573","rs10867548","A","G",0.861488,0.0093,0.00149,4.326e-10,"exposure",TRUE,"reported","L4M3yN","textfile"
"2576","rs7240432","T","G",0.360687,0.01039,0.00109,1.738e-21,"exposure",TRUE,"reported","L4M3yN","textfile"
"2583","rs6440854","A","G",0.871759,0.00949,0.00159,2.567e-09,"exposure",TRUE,"reported","L4M3yN","textfile"
"2591","rs72717150","A","G",0.0694641,-0.01942,0.00199,1.683e-22,"exposure",TRUE,"reported","L4M3yN","textfile"
"2599","rs1880692","A","G",0.541839,0.00767,0.00105,2.78e-13,"exposure",TRUE,"reported","L4M3yN","textfile"
"2609","rs3783006","C","G",0.418817,0.01309,0.00105,1.688e-35,"exposure",TRUE,"reported","L4M3yN","textfile"
"2612","rs181164682","A","T",0.0149985,0.02436,0.00375,8.159e-11,"exposure",TRUE,"reported","L4M3yN","textfile"
"2617","rs2275154","A","G",0.675192,0.01558,0.00111,1.663e-44,"exposure",TRUE,"reported","L4M3yN","textfile"
"2618","rs2239736","T","C",0.510286,0.00856,0.00105,3.038e-16,"exposure",TRUE,"reported","L4M3yN","textfile"
"2622","rs7280000","C","G",0.447613,0.00843,0.00106,1.92e-15,"exposure",TRUE,"reported","L4M3yN","textfile"
"2625","rs17088142","T","G",0.452787,-0.00683,0.00105,7.51e-11,"exposure",TRUE,"reported","L4M3yN","textfile"
"2627","rs17649841","A","C",0.227348,-0.008,0.00123,8.445e-11,"exposure",TRUE,"reported","L4M3yN","textfile"
"2631","rs74677779","C","G",0.9560825,-0.01561,0.00257,1.23e-09,"exposure",TRUE,"reported","L4M3yN","textfile"
"2637","rs9652254","A","G",0.602541,0.00649,0.00106,1.027e-09,"exposure",TRUE,"reported","L4M3yN","textfile"
"2647","rs6704768","A","G",0.541839,-0.01533,0.00106,9.672e-48,"exposure",TRUE,"reported","L4M3yN","textfile"
"2652","rs11028323","A","C",0.514675,-0.00984,0.00105,6.2e-21,"exposure",TRUE,"reported","L4M3yN","textfile"
"2666","rs17224289","T","C",0.117632,-0.01317,0.00161,3.095e-16,"exposure",TRUE,"reported","L4M3yN","textfile"
"2667","rs6960056","A","G",0.450616,0.01286,0.00105,3.503e-34,"exposure",TRUE,"reported","L4M3yN","textfile"
"2668","rs7979979","T","C",0.226548,-0.01165,0.00122,1.198e-21,"exposure",TRUE,"reported","L4M3yN","textfile"
"2672","rs4726070","A","G",0.593086,0.01021,0.00107,1.054e-21,"exposure",TRUE,"reported","L4M3yN","textfile"
"2685","rs10186870","T","G",0.605759,-0.00602,0.00107,1.906e-08,"exposure",TRUE,"reported","L4M3yN","textfile"
"2701","rs17565975","A","G",0.529504,-0.01211,0.00105,1.25e-30,"exposure",TRUE,"reported","L4M3yN","textfile"
"2712","rs2214631","A","T",0.311287,0.00706,0.00117,1.432e-09,"exposure",TRUE,"reported","L4M3yN","textfile"
"2714","rs11773992","C","G",0.16178,-0.0138,0.00137,5.842e-24,"exposure",TRUE,"reported","L4M3yN","textfile"
"2718","rs1167796","A","G",0.423837,0.01203,0.00106,7.132e-30,"exposure",TRUE,"reported","L4M3yN","textfile"
"2733","rs17096452","A","T",0.791284,0.01138,0.00127,3.175e-19,"exposure",TRUE,"reported","L4M3yN","textfile"
"2758","rs34316","A","C",0.434694,0.01629,0.00106,6.577e-53,"exposure",TRUE,"reported","L4M3yN","textfile"
"2761","rs63303162","A","G",0.538851,0.01122,0.00105,1.888e-26,"exposure",TRUE,"reported","L4M3yN","textfile"
"2766","rs378342","T","C",0.269772,-0.00815,0.00118,5.444e-12,"exposure",TRUE,"reported","L4M3yN","textfile"
"2767","rs76076331","T","C",0.122605,0.02206,0.00156,1.539e-45,"exposure",TRUE,"reported","L4M3yN","textfile"
"2774","rs10256396","A","C",0.35539,0.00654,0.00111,3.344e-09,"exposure",TRUE,"reported","L4M3yN","textfile"
"2789","rs12151015","C","G",0.888343,-0.00956,0.00164,5.603e-09,"exposure",TRUE,"reported","L4M3yN","textfile"
"2790","rs2916490","A","G",0.304697,-0.01042,0.00113,4.044e-20,"exposure",TRUE,"reported","L4M3yN","textfile"
"2794","rs62086577","A","G",0.210625,0.00739,0.00128,8.098e-09,"exposure",TRUE,"reported","L4M3yN","textfile"
"2806","rs10895719","T","C",0.777826,-0.01068,0.00128,6.648e-17,"exposure",TRUE,"reported","L4M3yN","textfile"
"2807","rs77899607","T","C",0.108131,0.01308,0.00157,6.496e-17,"exposure",TRUE,"reported","L4M3yN","textfile"
"2808","rs1884368","T","C",0.232338,0.00909,0.00122,7.731e-14,"exposure",TRUE,"reported","L4M3yN","textfile"
"2813","rs13244634","T","C",0.238512,-0.00784,0.00123,2.099e-10,"exposure",TRUE,"reported","L4M3yN","textfile"
"2815","rs6704241","A","G",0.67915,0.00859,0.00111,8.38e-15,"exposure",TRUE,"reported","L4M3yN","textfile"
"2829","rs2304282","A","G",0.407407,0.011,0.00106,4.037e-25,"exposure",TRUE,"reported","L4M3yN","textfile"
"2830","rs7039819","A","G",0.58146,0.00919,0.00106,4.387e-18,"exposure",TRUE,"reported","L4M3yN","textfile"
"2833","rs1455350","A","T",0.507022,-0.0161,0.00105,2.755e-53,"exposure",TRUE,"reported","L4M3yN","textfile"
"2839","rs10496632","C","G",0.288112,0.01114,0.00116,8.3e-22,"exposure",TRUE,"reported","L4M3yN","textfile"
"2841","rs11138947","T","C",0.711718,0.00958,0.00117,2.22e-16,"exposure",TRUE,"reported","L4M3yN","textfile"
"2843","rs4989480","A","G",0.856683,-0.00887,0.00151,4.021e-09,"exposure",TRUE,"reported","L4M3yN","textfile"
"2852","rs72838750","T","G",0.502418,-0.00877,0.00105,8.348e-17,"exposure",TRUE,"reported","L4M3yN","textfile"
"2858","rs4911257","T","C",0.606729,0.00979,0.00107,7.958e-20,"exposure",TRUE,"reported","L4M3yN","textfile"
"2863","rs12962980","C","G",0.187743,0.01682,0.00136,2.396e-35,"exposure",TRUE,"reported","L4M3yN","textfile"
"2871","rs10765789","A","G",0.369233,0.01078,0.00108,1.349e-23,"exposure",TRUE,"reported","L4M3yN","textfile"
"2891","rs4869852","T","C",0.670604,-0.00817,0.00111,1.52e-13,"exposure",TRUE,"reported","L4M3yN","textfile"
"2893","rs2352430","T","C",0.77048,-0.00783,0.00124,3.114e-10,"exposure",TRUE,"reported","L4M3yN","textfile"
"2915","rs61160187","A","G",0.608362,-0.01963,0.00107,1.319e-74,"exposure",TRUE,"reported","L4M3yN","textfile"
"2924","rs1407350","T","G",0.646705,0.00784,0.0011,9.129e-13,"exposure",TRUE,"reported","L4M3yN","textfile"
"2926","rs6930903","A","G",0.738374,0.01587,0.00133,4.726e-33,"exposure",TRUE,"reported","L4M3yN","textfile"
"2937","rs35414759","T","C",0.830274,-0.01094,0.00135,4.693e-16,"exposure",TRUE,"reported","L4M3yN","textfile"
"2939","rs117494884","T","C",0.0545119,-0.01456,0.00225,1.04e-10,"exposure",TRUE,"reported","L4M3yN","textfile"
"2947","rs17669337","T","C",0.405174,-0.01008,0.00106,2.458e-21,"exposure",TRUE,"reported","L4M3yN","textfile"
"2951","rs1452366","T","G",0.352618,-0.01191,0.0011,1.583e-27,"exposure",TRUE,"reported","L4M3yN","textfile"
"2969","rs10809464","A","T",0.453342,0.00924,0.00105,1.313e-18,"exposure",TRUE,"reported","L4M3yN","textfile"
"2981","rs72672601","A","G",0.578873,-0.00953,0.00106,2.019e-19,"exposure",TRUE,"reported","L4M3yN","textfile"
"2982","rs4270952","T","C",0.377194,0.00649,0.00115,1.479e-08,"exposure",TRUE,"reported","L4M3yN","textfile"
"2985","rs1378893","A","G",0.22627,0.00908,0.00123,1.52e-13,"exposure",TRUE,"reported","L4M3yN","textfile"
"2986","rs60307735","T","C",0.329489,0.00923,0.00111,6.832e-17,"exposure",TRUE,"reported","L4M3yN","textfile"
"2988","rs13135092","A","G",0.9274869,0.0299,0.00186,4.441e-58,"exposure",TRUE,"reported","L4M3yN","textfile"
"2998","rs4850810","T","G",0.519957,-0.01315,0.00105,6.678e-36,"exposure",TRUE,"reported","L4M3yN","textfile"
"3003","rs34305371","A","G",0.0857869,0.03143,0.00176,1.768e-71,"exposure",TRUE,"reported","L4M3yN","textfile"
"3049","rs12126231","A","G",0.615984,0.01174,0.00108,9.701e-28,"exposure",TRUE,"reported","L4M3yN","textfile"
"3053","rs35951883","A","G",0.790345,-0.00805,0.00127,2.334e-10,"exposure",TRUE,"reported","L4M3yN","textfile"
"3054","rs28438078","A","G",0.142393,-0.00964,0.00143,1.723e-11,"exposure",TRUE,"reported","L4M3yN","textfile"
"3058","rs55975662","A","G",0.84612,0.01532,0.00149,1.086e-24,"exposure",TRUE,"reported","L4M3yN","textfile"
"3065","rs1871745","A","G",0.765938,0.01019,0.00129,2.186e-15,"exposure",TRUE,"reported","L4M3yN","textfile"
"3076","rs11264531","T","C",0.362766,0.00688,0.00109,2.958e-10,"exposure",TRUE,"reported","L4M3yN","textfile"
"3082","rs79708660","A","G",0.207191,-0.0087,0.00128,1.086e-11,"exposure",TRUE,"reported","L4M3yN","textfile"
"3095","rs1516036","A","G",0.546905,0.00707,0.00105,1.572e-11,"exposure",TRUE,"reported","L4M3yN","textfile"
"3102","rs2216053","T","G",0.736742,-0.00727,0.00119,1.057e-09,"exposure",TRUE,"reported","L4M3yN","textfile"
"3114","rs77128898","T","C",0.0309516,-0.0242,0.00295,2.085e-16,"exposure",TRUE,"reported","L4M3yN","textfile"
"3123","rs11714574","A","T",0.568078,-0.00609,0.00106,9.561e-09,"exposure",TRUE,"reported","L4M3yN","textfile"
"3126","rs13122283","A","G",0.403203,0.00695,0.00106,5.084e-11,"exposure",TRUE,"reported","L4M3yN","textfile"
"3128","rs4127499","A","G",0.324962,0.01096,0.0011,2.902e-23,"exposure",TRUE,"reported","L4M3yN","textfile"
"3138","rs12431579","A","G",0.639837,-0.00609,0.00109,2.246e-08,"exposure",TRUE,"reported","L4M3yN","textfile"
"3141","rs58694847","C","G",0.275593,-0.01174,0.00119,7.843e-23,"exposure",TRUE,"reported","L4M3yN","textfile"
"3143","rs6782698","A","G",0.758007,0.01383,0.00121,4.805e-30,"exposure",TRUE,"reported","L4M3yN","textfile"
"3145","rs6715321","T","C",0.439205,-0.00979,0.00106,2.199e-20,"exposure",TRUE,"reported","L4M3yN","textfile"
"3147","rs56355837","A","C",0.685864,-0.00842,0.00111,2.942e-14,"exposure",TRUE,"reported","L4M3yN","textfile"
"3150","rs72993796","T","C",0.891946,0.01485,0.00163,8.583e-20,"exposure",TRUE,"reported","L4M3yN","textfile"
"3151","rs10063055","T","C",0.229689,-0.01249,0.00123,3.257e-24,"exposure",TRUE,"reported","L4M3yN","textfile"
"3161","rs62199988","C","G",0.622174,-0.00862,0.00107,7.873e-16,"exposure",TRUE,"reported","L4M3yN","textfile"
"3170","rs669952","A","G",0.181583,0.0078,0.00134,6.309e-09,"exposure",TRUE,"reported","L4M3yN","textfile"
"3195","rs708912","T","C",0.780074,0.01037,0.00129,8.995e-16,"exposure",TRUE,"reported","L4M3yN","textfile"
"3198","rs77926719","A","G",0.106606,0.01097,0.0016,7.247e-12,"exposure",TRUE,"reported","L4M3yN","textfile"
"3202","rs72725852","T","C",0.316184,0.00663,0.00112,3.277e-09,"exposure",TRUE,"reported","L4M3yN","textfile"
"3203","rs72829857","A","G",0.759871,-0.01705,0.00121,7.306e-45,"exposure",TRUE,"reported","L4M3yN","textfile"
"3209","rs10853981","A","G",0.325146,-0.00868,0.00111,6.642e-15,"exposure",TRUE,"reported","L4M3yN","textfile"
"3215","rs10740572","A","T",0.777795,-0.00844,0.00126,1.924e-11,"exposure",TRUE,"reported","L4M3yN","textfile"
"3220","rs2624841","T","C",0.329935,-0.02645,0.00111,2.62e-126,"exposure",TRUE,"reported","L4M3yN","textfile"
"3223","rs11643516","T","C",0.43166,-0.00812,0.00106,2.217e-14,"exposure",TRUE,"reported","L4M3yN","textfile"
"3234","rs7933521","T","C",0.839452,0.00826,0.00149,2.851e-08,"exposure",TRUE,"reported","L4M3yN","textfile"
"3236","rs1128956","T","G",0.81891,-0.01024,0.00139,1.511e-13,"exposure",TRUE,"reported","L4M3yN","textfile"
"3238","rs7520927","A","G",0.478226,-0.00684,0.00105,6.382e-11,"exposure",TRUE,"reported","L4M3yN","textfile"
"3240","rs11157931","A","C",0.396628,-0.01152,0.00107,5.976e-27,"exposure",TRUE,"reported","L4M3yN","textfile"
"3249","rs117520198","A","G",0.1747,0.0107,0.00133,1.012e-15,"exposure",TRUE,"reported","L4M3yN","textfile"
"3255","rs10835389","T","C",0.642008,-0.00951,0.0011,4.027e-18,"exposure",TRUE,"reported","L4M3yN","textfile"
"3261","rs6028084","T","C",0.610764,0.01514,0.00107,3.438e-45,"exposure",TRUE,"reported","L4M3yN","textfile"
"3268","rs7515450","A","T",0.410718,0.00802,0.00107,7.284e-14,"exposure",TRUE,"reported","L4M3yN","textfile"
"3280","rs2006853","A","G",0.576424,0.00925,0.00107,3.993e-18,"exposure",TRUE,"reported","L4M3yN","textfile"
"3291","rs116068530","A","G",0.0196027,0.01945,0.00353,3.712e-08,"exposure",TRUE,"reported","L4M3yN","textfile"
"3296","rs213014","T","C",0.548352,-0.00673,0.00105,1.487e-10,"exposure",TRUE,"reported","L4M3yN","textfile"
"3303","rs62244884","A","G",0.408223,0.01655,0.00106,4.032e-55,"exposure",TRUE,"reported","L4M3yN","textfile"
"3309","rs13161488","T","C",0.659578,-0.00869,0.0011,2.45e-15,"exposure",TRUE,"reported","L4M3yN","textfile"
"3310","rs3731507","T","C",0.0521096,0.02758,0.00259,1.708e-26,"exposure",TRUE,"reported","L4M3yN","textfile"
"3313","rs13030436","T","C",0.408777,0.00787,0.00106,8.769e-14,"exposure",TRUE,"reported","L4M3yN","textfile"
"3332","rs35226705","A","C",0.543686,0.00614,0.00105,4.862e-09,"exposure",TRUE,"reported","L4M3yN","textfile"
"3335","rs7040995","C","G",0.553403,0.01156,0.00105,3.005e-28,"exposure",TRUE,"reported","L4M3yN","textfile"
"3338","rs2238483","A","G",0.814721,0.01009,0.0014,5.309e-13,"exposure",TRUE,"reported","L4M3yN","textfile"
"3343","rs329120","T","C",0.425331,0.01327,0.00106,5.213e-36,"exposure",TRUE,"reported","L4M3yN","textfile"
"3345","rs4279337","A","T",0.258238,0.00866,0.00119,4.217e-13,"exposure",TRUE,"reported","L4M3yN","textfile"
"3346","rs112255786","C","G",0.9295658,-0.01698,0.00218,6.514e-15,"exposure",TRUE,"reported","L4M3yN","textfile"
"3349","rs62156740","A","T",0.9850631,-0.02875,0.00387,1.166e-13,"exposure",TRUE,"reported","L4M3yN","textfile"
"3350","rs9787076","A","C",0.681321,-0.01838,0.00111,3.471e-61,"exposure",TRUE,"reported","L4M3yN","textfile"
"3352","rs912609","T","G",0.240437,0.01235,0.00125,6.574e-23,"exposure",TRUE,"reported","L4M3yN","textfile"
"3354","rs9359939","A","C",0.237558,-0.01085,0.00122,6.645e-19,"exposure",TRUE,"reported","L4M3yN","textfile"
"3357","rs3747631","C","G",0.201217,0.02043,0.00127,7.165e-58,"exposure",TRUE,"reported","L4M3yN","textfile"
"3359","rs9411336","T","C",0.337296,-0.01285,0.00112,1.559e-30,"exposure",TRUE,"reported","L4M3yN","textfile"
"3361","rs4882141","T","C",0.649091,0.00662,0.0011,1.532e-09,"exposure",TRUE,"reported","L4M3yN","textfile"
"3363","rs975303","A","G",0.839082,-0.01477,0.00138,1.17e-26,"exposure",TRUE,"reported","L4M3yN","textfile"
"3376","rs117520996","T","G",0.0416384,0.02196,0.0025,1.465e-18,"exposure",TRUE,"reported","L4M3yN","textfile"
"3382","rs1888765","C","G",0.767,0.00901,0.00126,7.091e-13,"exposure",TRUE,"reported","L4M3yN","textfile"
"3383","rs4447403","T","C",0.742947,0.00695,0.0012,6.984e-09,"exposure",TRUE,"reported","L4M3yN","textfile"
"3401","rs76878669","C","G",0.766677,0.01212,0.00123,6.48e-23,"exposure",TRUE,"reported","L4M3yN","textfile"
"3409","rs872602","A","G",0.249107,-0.01259,0.00123,1.113e-24,"exposure",TRUE,"reported","L4M3yN","textfile"
"3421","rs67040074","T","C",0.352833,-0.01216,0.0011,2.33e-28,"exposure",TRUE,"reported","L4M3yN","textfile"
"3424","rs17248751","A","G",0.798676,-0.01375,0.00127,3.424e-27,"exposure",TRUE,"reported","L4M3yN","textfile"
"3435","rs148434125","A","T",0.481521,-0.00594,0.00105,1.416e-08,"exposure",TRUE,"reported","L4M3yN","textfile"
"3437","rs2764684","T","C",0.847028,0.01501,0.00139,2.639e-27,"exposure",TRUE,"reported","L4M3yN","textfile"
"3446","rs28458909","T","C",0.126255,-0.01902,0.00164,5.978e-31,"exposure",TRUE,"reported","L4M3yN","textfile"
"3449","rs6088618","A","G",0.438405,0.00813,0.00105,1.084e-14,"exposure",TRUE,"reported","L4M3yN","textfile"
"3455","rs10283803","T","C",0.531306,-0.00575,0.00105,3.914e-08,"exposure",TRUE,"reported","L4M3yN","textfile"
"3456","rs7151326","T","G",0.412242,-0.0087,0.00107,5.689e-16,"exposure",TRUE,"reported","L4M3yN","textfile"
"3458","rs8110747","T","C",0.389051,-0.00659,0.00106,6.032e-10,"exposure",TRUE,"reported","L4M3yN","textfile"
"3461","rs2297293","C","G",0.325824,0.00791,0.00113,2.316e-12,"exposure",TRUE,"reported","L4M3yN","textfile"
"3464","rs56378598","T","C",0.290607,0.00826,0.00119,4.274e-12,"exposure",TRUE,"reported","L4M3yN","textfile"
"3467","rs13278836","A","G",0.110748,0.01373,0.00164,5.096e-17,"exposure",TRUE,"reported","L4M3yN","textfile"
"3480","rs9899056","A","G",0.397151,0.00698,0.00107,6.71e-11,"exposure",TRUE,"reported","L4M3yN","textfile"
"3488","rs273028","A","T",0.0857561,-0.01353,0.00199,9.317e-12,"exposure",TRUE,"reported","L4M3yN","textfile"
"3500","rs7650602","T","C",0.567601,-0.00998,0.00106,3.194e-21,"exposure",TRUE,"reported","L4M3yN","textfile"
"3505","rs78280128","A","G",0.9202341,-0.01989,0.00187,1.982e-26,"exposure",TRUE,"reported","L4M3yN","textfile"
"3515","rs12981405","T","C",0.158577,-0.01106,0.00141,4.094e-15,"exposure",TRUE,"reported","L4M3yN","textfile"
"3520","rs55897719","A","C",0.286973,-0.01267,0.00115,2.042e-28,"exposure",TRUE,"reported","L4M3yN","textfile"
"3531","rs3108680","T","C",0.668032,0.0102,0.0011,1.888e-20,"exposure",TRUE,"reported","L4M3yN","textfile"
"3533","rs2535692","A","G",0.282307,0.00686,0.00117,5.17e-09,"exposure",TRUE,"reported","L4M3yN","textfile"
"3536","rs717997","A","G",0.421312,0.01297,0.00106,2.492e-34,"exposure",TRUE,"reported","L4M3yN","textfile"
"3541","rs10189857","A","G",0.562889,0.01378,0.00106,7.74e-39,"exposure",TRUE,"reported","L4M3yN","textfile"
"3542","rs35733856","A","G",0.559732,-0.01188,0.00107,8.256e-29,"exposure",TRUE,"reported","L4M3yN","textfile"
"3550","rs2903624","A","G",0.468217,-0.00599,0.00105,1.234e-08,"exposure",TRUE,"reported","L4M3yN","textfile"
"3552","rs62543169","T","C",0.404327,-0.01165,0.00106,3.33e-28,"exposure",TRUE,"reported","L4M3yN","textfile"
"3553","rs11245450","A","G",0.420157,0.00686,0.00106,1.057e-10,"exposure",TRUE,"reported","L4M3yN","textfile"
"3556","rs7626224","T","G",0.76215,0.00784,0.00122,1.362e-10,"exposure",TRUE,"reported","L4M3yN","textfile"
"3580","rs6956241","T","G",0.144995,0.01341,0.00151,5.882e-19,"exposure",TRUE,"reported","L4M3yN","textfile"
"3583","rs192436652","T","C",0.0273021,-0.02765,0.00333,9.902e-17,"exposure",TRUE,"reported","L4M3yN","textfile"
"3588","rs12435895","A","G",0.773961,-0.00798,0.00125,1.547e-10,"exposure",TRUE,"reported","L4M3yN","textfile"
"3590","rs853199","T","C",0.332476,0.00859,0.00109,3.837e-15,"exposure",TRUE,"reported","L4M3yN","textfile"
"3607","rs4358081","A","C",0.533554,-0.0097,0.00105,2.136e-20,"exposure",TRUE,"reported","L4M3yN","textfile"
"3612","rs12273435","A","G",0.187866,-0.01409,0.00131,6.111e-27,"exposure",TRUE,"reported","L4M3yN","textfile"
"3639","rs10748559","T","C",0.624053,-0.00656,0.00109,1.639e-09,"exposure",TRUE,"reported","L4M3yN","textfile"
"3643","rs11218422","T","C",0.565907,0.00879,0.00106,1.1e-16,"exposure",TRUE,"reported","L4M3yN","textfile"
"3644","rs17126938","T","C",0.858285,-0.01264,0.00151,5.793e-17,"exposure",TRUE,"reported","L4M3yN","textfile"
"3660","rs4557790","A","C",0.567154,0.02049,0.00105,4.879e-84,"exposure",TRUE,"reported","L4M3yN","textfile"
"3665","rs75624576","T","G",0.0962735,0.01536,0.00175,1.363e-18,"exposure",TRUE,"reported","L4M3yN","textfile"
"3672","rs61747226","T","C",0.0409455,-0.0189,0.0026,3.412e-13,"exposure",TRUE,"reported","L4M3yN","textfile"
"3674","rs6929638","A","G",0.512257,0.00932,0.00105,6.212e-19,"exposure",TRUE,"reported","L4M3yN","textfile"
"3678","rs56059718","A","C",0.196951,-0.01216,0.00132,3.805e-20,"exposure",TRUE,"reported","L4M3yN","textfile"
"3685","rs11774212","T","C",0.496458,0.01567,0.00105,1.695e-50,"exposure",TRUE,"reported","L4M3yN","textfile"
"3695","rs10401329","A","G",0.136865,0.01094,0.00161,1.219e-11,"exposure",TRUE,"reported","L4M3yN","textfile"
"3696","rs9956721","A","T",0.608023,-0.0132,0.00106,1.82e-35,"exposure",TRUE,"reported","L4M3yN","textfile"
"3698","rs34410","C","G",0.453034,-0.00759,0.00105,4.728e-13,"exposure",TRUE,"reported","L4M3yN","textfile"
"3703","rs4798783","A","G",0.705405,-0.01152,0.00115,1.26e-23,"exposure",TRUE,"reported","L4M3yN","textfile"
"3714","rs17257579","T","C",0.878703,-0.0131,0.00159,1.403e-16,"exposure",TRUE,"reported","L4M3yN","textfile"
"3725","rs863006","A","G",0.558223,-0.00984,0.00106,1.313e-20,"exposure",TRUE,"reported","L4M3yN","textfile"
"3733","rs489408","A","G",0.436326,0.00766,0.00105,3.249e-13,"exposure",TRUE,"reported","L4M3yN","textfile"
"3737","rs12709690","T","C",0.372621,-0.01858,0.00109,9.282e-65,"exposure",TRUE,"reported","L4M3yN","textfile"
"3753","rs11196397","A","C",0.26158,0.00897,0.00117,2.218e-14,"exposure",TRUE,"reported","L4M3yN","textfile"
"3755","rs72801843","A","T",0.292331,0.01519,0.00114,1.781e-40,"exposure",TRUE,"reported","L4M3yN","textfile"
"3767","rs952062","A","T",0.127333,0.01023,0.00169,1.301e-09,"exposure",TRUE,"reported","L4M3yN","textfile"
"3771","rs7097348","T","C",0.724669,-0.00905,0.00116,6.435e-15,"exposure",TRUE,"reported","L4M3yN","textfile"
"3775","rs2668196","A","T",0.207961,-0.01186,0.00132,3.28e-19,"exposure",TRUE,"reported","L4M3yN","textfile"
"3794","rs28807201","T","C",0.684416,-0.01139,0.00114,1.966e-23,"exposure",TRUE,"reported","L4M3yN","textfile"
"3799","rs7184863","T","G",0.802371,0.00803,0.00136,3.724e-09,"exposure",TRUE,"reported","L4M3yN","textfile"
"3807","rs738988","A","G",0.737681,-0.01605,0.00116,1.355e-43,"exposure",TRUE,"reported","L4M3yN","textfile"
"3810","rs6713695","A","G",0.457699,-0.0106,0.00105,5.175e-24,"exposure",TRUE,"reported","L4M3yN","textfile"
"3815","rs62439683","A","C",0.244071,-0.01207,0.00121,1.55e-23,"exposure",TRUE,"reported","L4M3yN","textfile"
"3828","rs149285517","T","C",0.122698,-0.01187,0.00164,4.605e-13,"exposure",TRUE,"reported","L4M3yN","textfile"
"3833","rs59903549","T","C",0.084709,-0.01501,0.00198,3.895e-14,"exposure",TRUE,"reported","L4M3yN","textfile"
"3849","rs34743418","T","C",0.463998,-0.00999,0.00106,5.014e-21,"exposure",TRUE,"reported","L4M3yN","textfile"
"3850","rs16983844","A","G",0.188266,0.01074,0.00129,7.862e-17,"exposure",TRUE,"reported","L4M3yN","textfile"
"3851","rs12104029","C","G",0.553388,-0.00823,0.00105,4.078e-15,"exposure",TRUE,"reported","L4M3yN","textfile"
"3857","rs1043595","A","G",0.261241,0.01663,0.00118,2.357e-45,"exposure",TRUE,"reported","L4M3yN","textfile"
"3865","rs57985238","C","G",0.612873,-0.00909,0.00107,1.99e-17,"exposure",TRUE,"reported","L4M3yN","textfile"
"3867","rs7578247","A","G",0.608978,-0.00798,0.00109,2.254e-13,"exposure",TRUE,"reported","L4M3yN","textfile"
"3868","rs73219806","A","C",0.172267,0.0124,0.00141,1.339e-18,"exposure",TRUE,"reported","L4M3yN","textfile"
"3880","rs10929474","A","T",0.224669,0.01145,0.00128,5.116e-19,"exposure",TRUE,"reported","L4M3yN","textfile"
"3884","rs7924036","T","G",0.504835,0.01412,0.00105,1.856e-41,"exposure",TRUE,"reported","L4M3yN","textfile"
"3890","rs6907381","A","G",0.130644,-0.01185,0.00159,9.094e-14,"exposure",TRUE,"reported","L4M3yN","textfile"
"3898","rs12764593","C","G",0.0666923,0.02191,0.00219,1.703e-23,"exposure",TRUE,"reported","L4M3yN","textfile"
"3900","rs1193240","A","C",0.423252,0.00847,0.00106,1.73e-15,"exposure",TRUE,"reported","L4M3yN","textfile"
"3903","rs336433","A","G",0.421805,0.00775,0.00105,2.054e-13,"exposure",TRUE,"reported","L4M3yN","textfile"
"3911","rs3095075","A","G",0.550108,-0.0136,0.00105,3.812e-38,"exposure",TRUE,"reported","L4M3yN","textfile"
"3914","rs62247449","C","G",0.411072,0.00955,0.00106,1.496e-19,"exposure",TRUE,"reported","L4M3yN","textfile"
"3921","rs2177083","A","G",0.50214,-0.00741,0.00105,1.489e-12,"exposure",TRUE,"reported","L4M3yN","textfile"
"3945","rs13133213","A","G",0.502233,0.00873,0.00105,7.243e-17,"exposure",TRUE,"reported","L4M3yN","textfile"
"3947","rs3098650","C","G",0.602464,0.01181,0.00108,7.71e-28,"exposure",TRUE,"reported","L4M3yN","textfile"
"3949","rs10507085","T","C",0.0680628,-0.01224,0.002,9.144e-10,"exposure",TRUE,"reported","L4M3yN","textfile"
