"","chr.exposure","pos.exposure","beta.exposure","se.exposure","pval.exposure","samplesize.exposure","id.exposure","SNP","effect_allele.exposure","other_allele.exposure","eaf.exposure","exposure","mr_keep.exposure","pval_origin.exposure","data_source.exposure"
"1","1",1684169,-0.3385,0.0314,4.99689e-27,679432,"ieu-b-38","rs7796","G","C",0.4886,"systolic blood pressure || id:ieu-b-38",TRUE,"reported","igd"
"2","1",3327032,0.4183,0.0442,3.1369e-21,710296,"ieu-b-38","rs2493296","T","C",0.1425,"systolic blood pressure || id:ieu-b-38",TRUE,"reported","igd"
"3","1",10767902,-0.3799,0.0365,2.35396e-25,700272,"ieu-b-38","rs488834","T","C",0.7645,"systolic blood pressure || id:ieu-b-38",TRUE,"reported","igd"
"4","1",15810172,-0.3016,0.0377,1.17788e-15,728076,"ieu-b-38","rs75461554","T","C",0.2007,"systolic blood pressure || id:ieu-b-38",TRUE,"reported","igd"
"5","1",25366987,0.1935,0.0303,1.68298e-10,731629,"ieu-b-38","rs404100","T","C",0.4513,"systolic blood pressure || id:ieu-b-38",TRUE,"reported","igd"
"6","1",43765089,-0.2558,0.0313,2.84774e-16,720869,"ieu-b-38","rs1209384","G","A",0.6122,"systolic blood pressure || id:ieu-b-38",TRUE,"reported","igd"
"7","1",150572037,0.1796,0.0308,5.34306e-09,717273,"ieu-b-38","rs11585169","A","T",0.5773,"systolic blood pressure || id:ieu-b-38",TRUE,"reported","igd"
"8","1",169090660,-0.189,0.0307,7.21207e-10,729081,"ieu-b-38","rs12731646","T","C",0.409,"systolic blood pressure || id:ieu-b-38",TRUE,"reported","igd"
"9","1",184585182,0.1986,0.0306,8.99912e-11,717082,"ieu-b-38","rs4651224","T","C",0.4474,"systolic blood pressure || id:ieu-b-38",TRUE,"reported","igd"
"10","1",197297417,0.1807,0.0303,2.62398e-09,725176,"ieu-b-38","rs12042924","C","T",0.4716,"systolic blood pressure || id:ieu-b-38",TRUE,"reported","igd"
"11","1",207974818,-0.1938,0.0301,1.286e-10,734549,"ieu-b-38","rs2724377","G","A",0.4697,"systolic blood pressure || id:ieu-b-38",TRUE,"reported","igd"
"12","1",209970355,0.2294,0.0376,1.054e-09,737282,"ieu-b-38","rs7555285","C","G",0.8011,"systolic blood pressure || id:ieu-b-38",TRUE,"reported","igd"
"13","1",221265336,-0.2053,0.0328,3.80303e-10,732668,"ieu-b-38","rs72742507","T","C",0.2999,"systolic blood pressure || id:ieu-b-38",TRUE,"reported","igd"
"14","1",228199902,0.2874,0.0302,1.58708e-21,731244,"ieu-b-38","rs708117","A","G",0.5203,"systolic blood pressure || id:ieu-b-38",TRUE,"reported","igd"
"15","1",41865293,0.203,0.0313,8.91867e-11,729149,"ieu-b-38","rs11210029","G","A",0.3678,"systolic blood pressure || id:ieu-b-38",TRUE,"reported","igd"
"16","1",56606206,0.2965,0.0311,1.45011e-21,734180,"ieu-b-38","rs778124","A","G",0.3736,"systolic blood pressure || id:ieu-b-38",TRUE,"reported","igd"
"17","1",56979681,0.3181,0.0455,2.8622e-12,732993,"ieu-b-38","rs61772592","G","A",0.1255,"systolic blood pressure || id:ieu-b-38",TRUE,"reported","igd"
"18","1",67007389,0.2027,0.0304,2.68906e-11,716003,"ieu-b-38","rs12136922","A","G",0.4949,"systolic blood pressure || id:ieu-b-38",TRUE,"reported","igd"
"19","1",156129796,-0.2738,0.0461,2.97002e-09,690700,"ieu-b-38","rs76719272","T","C",0.1312,"systolic blood pressure || id:ieu-b-38",TRUE,"reported","igd"
"20","1",2164116,-0.1798,0.0307,4.71596e-09,721538,"ieu-b-38","rs263532","C","T",0.4245,"systolic blood pressure || id:ieu-b-38",TRUE,"reported","igd"
"21","1",6677064,-0.2191,0.032,7.43704e-12,726082,"ieu-b-38","rs10779795","G","A",0.3387,"systolic blood pressure || id:ieu-b-38",TRUE,"reported","igd"
"22","1",27407850,0.1992,0.0354,1.78098e-08,686622,"ieu-b-38","rs34079867","T","C",0.266,"systolic blood pressure || id:ieu-b-38",TRUE,"reported","igd"
"23","1",94051350,-0.2243,0.0361,5.45205e-10,721977,"ieu-b-38","rs7514579","C","A",0.2288,"systolic blood pressure || id:ieu-b-38",TRUE,"reported","igd"
"24","1",115827266,1.0997,0.1163,3.31513e-21,711774,"ieu-b-38","rs59980837","T","G",0.0178,"systolic blood pressure || id:ieu-b-38",TRUE,"reported","igd"
"25","1",217737629,0.274,0.0357,1.67803e-14,726535,"ieu-b-38","rs68085857","T","C",0.234,"systolic blood pressure || id:ieu-b-38",TRUE,"reported","igd"
"26","1",249155909,0.2965,0.0438,1.33291e-11,615071,"ieu-b-38","rs4926499","C","G",0.8263,"systolic blood pressure || id:ieu-b-38",TRUE,"reported","igd"
"27","1",11881441,-0.9115,0.041,1.6788e-109,736696,"ieu-b-38","rs6699618","G","C",0.1599,"systolic blood pressure || id:ieu-b-38",TRUE,"reported","igd"
"28","1",16348729,0.1782,0.0304,4.35101e-09,728064,"ieu-b-38","rs1889785","A","G",0.4552,"systolic blood pressure || id:ieu-b-38",TRUE,"reported","igd"
"29","1",59621911,0.1989,0.0318,3.85798e-10,702404,"ieu-b-38","rs12063372","A","G",0.3846,"systolic blood pressure || id:ieu-b-38",TRUE,"reported","igd"
"30","1",78555928,0.2028,0.0347,5.28506e-09,723999,"ieu-b-38","rs658780","G","T",0.2553,"systolic blood pressure || id:ieu-b-38",TRUE,"reported","igd"
"31","1",113044328,0.8211,0.0576,4.60999e-46,714540,"ieu-b-38","rs10776752","T","G",0.0809,"systolic blood pressure || id:ieu-b-38",TRUE,"reported","igd"
"32","1",180865798,-0.234,0.0312,6.32121e-14,722795,"ieu-b-38","rs10914124","C","T",0.3833,"systolic blood pressure || id:ieu-b-38",TRUE,"reported","igd"
"33","1",28838198,-0.2368,0.0331,8.33681e-13,716874,"ieu-b-38","rs2853736","G","T",0.3057,"systolic blood pressure || id:ieu-b-38",TRUE,"reported","igd"
"34","1",42364877,-0.3196,0.0304,8.33105e-26,732969,"ieu-b-38","rs1408945","T","G",0.4243,"systolic blood pressure || id:ieu-b-38",TRUE,"reported","igd"
"35","1",89242954,-0.3082,0.031,2.82488e-23,734142,"ieu-b-38","rs786923","T","C",0.6239,"systolic blood pressure || id:ieu-b-38",TRUE,"reported","igd"
"36","1",207211326,-0.1792,0.0307,5.12897e-09,730052,"ieu-b-38","rs11120093","T","C",0.4082,"systolic blood pressure || id:ieu-b-38",TRUE,"reported","igd"
"37","1",230849359,0.3736,0.0309,1.10408e-33,719449,"ieu-b-38","rs2493134","C","T",0.4071,"systolic blood pressure || id:ieu-b-38",TRUE,"reported","igd"
"38","1",243387788,0.1746,0.0311,1.935e-08,733804,"ieu-b-38","rs1565440","A","G",0.3752,"systolic blood pressure || id:ieu-b-38",TRUE,"reported","igd"
"39","2",37517566,-0.3143,0.036,2.71519e-18,727538,"ieu-b-38","rs13420463","G","A",0.2266,"systolic blood pressure || id:ieu-b-38",TRUE,"reported","igd"
"40","2",43196694,-0.5893,0.0552,1.2939e-26,693047,"ieu-b-38","rs115262049","T","A",0.0868,"systolic blood pressure || id:ieu-b-38",TRUE,"reported","igd"
"41","2",65287896,-0.2927,0.0313,7.63484e-21,729133,"ieu-b-38","rs2249105","G","A",0.3679,"systolic blood pressure || id:ieu-b-38",TRUE,"reported","igd"
"42","2",66773469,0.1883,0.0307,8.79893e-10,733876,"ieu-b-38","rs10188003","T","C",0.393,"systolic blood pressure || id:ieu-b-38",TRUE,"reported","igd"
"43","2",68503044,0.1913,0.0326,4.18196e-09,696899,"ieu-b-38","rs6731373","A","G",0.3492,"systolic blood pressure || id:ieu-b-38",TRUE,"reported","igd"
"44","2",121996007,0.1769,0.0307,8.39305e-09,714258,"ieu-b-38","rs2580350","A","G",0.5609,"systolic blood pressure || id:ieu-b-38",TRUE,"reported","igd"
"45","2",174949358,0.1909,0.0309,6.41195e-10,720073,"ieu-b-38","rs11694601","G","A",0.4032,"systolic blood pressure || id:ieu-b-38",TRUE,"reported","igd"
"46","2",213188795,0.2018,0.0335,1.79602e-09,705096,"ieu-b-38","rs12694277","C","T",0.7054,"systolic blood pressure || id:ieu-b-38",TRUE,"reported","igd"
"47","2",218680529,-0.2836,0.0307,2.86814e-20,719115,"ieu-b-38","rs2161967","G","T",0.5721,"systolic blood pressure || id:ieu-b-38",TRUE,"reported","igd"
"48","2",242344695,-0.6115,0.0975,3.50502e-10,627584,"ieu-b-38","rs139354822","C","T",0.0296,"systolic blood pressure || id:ieu-b-38",TRUE,"reported","igd"
"49","2",19744462,0.2654,0.0304,2.2532e-18,735821,"ieu-b-38","rs17760259","C","T",0.4276,"systolic blood pressure || id:ieu-b-38",TRUE,"reported","igd"
"50","2",25187115,0.3266,0.0357,6.32995e-20,716500,"ieu-b-38","rs2384063","T","C",0.7607,"systolic blood pressure || id:ieu-b-38",TRUE,"reported","igd"
"51","2",26911745,-0.5411,0.0308,4.73042e-69,734678,"ieu-b-38","rs1275985","T","C",0.6133,"systolic blood pressure || id:ieu-b-38",TRUE,"reported","igd"
"52","2",145726621,0.2613,0.0355,1.79184e-13,729179,"ieu-b-38","rs55944332","G","A",0.2368,"systolic blood pressure || id:ieu-b-38",TRUE,"reported","igd"
"53","2",204085635,0.2575,0.0309,7.49031e-17,725230,"ieu-b-38","rs12693982","T","C",0.4024,"systolic blood pressure || id:ieu-b-38",TRUE,"reported","igd"
"54","2",40555733,-0.2124,0.0347,9.60395e-10,723139,"ieu-b-38","rs4952609","G","A",0.2561,"systolic blood pressure || id:ieu-b-38",TRUE,"reported","igd"
"55","2",135630498,-0.2274,0.0392,6.35097e-09,705214,"ieu-b-38","rs17257081","G","A",0.1935,"systolic blood pressure || id:ieu-b-38",TRUE,"reported","igd"
"56","2",164954174,0.5938,0.0353,1.77011e-63,713147,"ieu-b-38","rs268263","A","T",0.7498,"systolic blood pressure || id:ieu-b-38",TRUE,"reported","igd"
"57","2",191634958,-0.2889,0.0341,2.32488e-17,724970,"ieu-b-38","rs13412750","A","G",0.2708,"systolic blood pressure || id:ieu-b-38",TRUE,"reported","igd"
"58","2",230629138,-0.248,0.0424,5.15597e-09,731057,"ieu-b-38","rs1044822","T","C",0.1482,"systolic blood pressure || id:ieu-b-38",TRUE,"reported","igd"
"59","2",43397614,-0.2437,0.0315,1.01601e-14,710688,"ieu-b-38","rs12464602","A","G",0.6208,"systolic blood pressure || id:ieu-b-38",TRUE,"reported","igd"
"60","2",55779476,0.2522,0.0355,1.22687e-12,735375,"ieu-b-38","rs13016772","T","C",0.7651,"systolic blood pressure || id:ieu-b-38",TRUE,"reported","igd"
"61","2",69534650,-0.1737,0.0307,1.51702e-08,722426,"ieu-b-38","rs6732123","C","G",0.4174,"systolic blood pressure || id:ieu-b-38",TRUE,"reported","igd"
"62","2",73403040,0.1767,0.0302,4.98701e-09,726869,"ieu-b-38","rs4577304","C","T",0.4767,"systolic blood pressure || id:ieu-b-38",TRUE,"reported","igd"
"63","2",112744260,-0.2142,0.033,8.06121e-11,736885,"ieu-b-38","rs10207726","T","C",0.296,"systolic blood pressure || id:ieu-b-38",TRUE,"reported","igd"
"64","2",146989797,-0.1972,0.0321,7.68493e-10,678289,"ieu-b-38","rs62170470","C","T",0.3983,"systolic blood pressure || id:ieu-b-38",TRUE,"reported","igd"
"65","2",208521512,0.2942,0.0309,1.87586e-21,709696,"ieu-b-38","rs3845811","G","C",0.4339,"systolic blood pressure || id:ieu-b-38",TRUE,"reported","igd"
"66","2",86326717,-0.2413,0.0318,3.07893e-14,733726,"ieu-b-38","rs72847885","G","A",0.337,"systolic blood pressure || id:ieu-b-38",TRUE,"reported","igd"
"67","2",114083120,-0.2348,0.0364,1.12899e-10,725291,"ieu-b-38","rs6737318","G","A",0.2218,"systolic blood pressure || id:ieu-b-38",TRUE,"reported","igd"
"68","2",162278233,-0.3358,0.0521,1.153e-10,719496,"ieu-b-38","rs55732192","T","G",0.0947,"systolic blood pressure || id:ieu-b-38",TRUE,"reported","igd"
"69","2",177016728,0.2353,0.0324,4.01698e-13,730664,"ieu-b-38","rs34727427","C","T",0.3168,"systolic blood pressure || id:ieu-b-38",TRUE,"reported","igd"
"70","2",182981968,-0.2753,0.0363,3.33503e-14,733312,"ieu-b-38","rs1882212","G","A",0.2207,"systolic blood pressure || id:ieu-b-38",TRUE,"reported","igd"
"71","2",218779144,-0.1857,0.0318,5.29395e-09,679906,"ieu-b-38","rs3828282","G","C",0.5721,"systolic blood pressure || id:ieu-b-38",TRUE,"reported","igd"
"72","2",227185749,-0.2351,0.0306,1.62293e-14,719314,"ieu-b-38","rs10804330","C","T",0.4332,"systolic blood pressure || id:ieu-b-38",TRUE,"reported","igd"
"73","3",27562988,0.4473,0.0306,1.741e-48,721083,"ieu-b-38","rs2643826","T","C",0.4505,"systolic blood pressure || id:ieu-b-38",TRUE,"reported","igd"
"74","3",41107173,-0.2999,0.0432,3.80627e-12,726878,"ieu-b-38","rs6788984","G","A",0.1437,"systolic blood pressure || id:ieu-b-38",TRUE,"reported","igd"
"75","3",56771251,-0.2733,0.0324,3.09885e-17,733068,"ieu-b-38","rs3772219","C","A",0.3176,"systolic blood pressure || id:ieu-b-38",TRUE,"reported","igd"
"76","3",85656311,0.2579,0.0315,2.84381e-16,725300,"ieu-b-38","rs1375564","T","C",0.6395,"systolic blood pressure || id:ieu-b-38",TRUE,"reported","igd"
"77","3",121682388,0.1731,0.0302,9.94901e-09,731789,"ieu-b-38","rs12637573","G","A",0.5282,"systolic blood pressure || id:ieu-b-38",TRUE,"reported","igd"
"78","3",138101529,0.2654,0.047,1.65402e-08,725939,"ieu-b-38","rs1199330","G","A",0.1176,"systolic blood pressure || id:ieu-b-38",TRUE,"reported","igd"
"79","3",169534538,-0.2158,0.0348,5.63106e-10,725656,"ieu-b-38","rs4955575","C","A",0.2539,"systolic blood pressure || id:ieu-b-38",TRUE,"reported","igd"
"80","3",185329756,0.2234,0.0325,6.14752e-12,714950,"ieu-b-38","rs13091418","G","C",0.3341,"systolic blood pressure || id:ieu-b-38",TRUE,"reported","igd"
"81","3",196228360,-0.2001,0.0318,3.223e-10,718706,"ieu-b-38","rs9869437","A","C",0.3523,"systolic blood pressure || id:ieu-b-38",TRUE,"reported","igd"
"82","3",20073193,-0.8664,0.139,4.54999e-10,691585,"ieu-b-38","rs189267552","A","T",0.0132,"systolic blood pressure || id:ieu-b-38",TRUE,"reported","igd"
"83","3",37598382,0.2597,0.0317,2.54976e-16,702469,"ieu-b-38","rs743395","T","C",0.3834,"systolic blood pressure || id:ieu-b-38",TRUE,"reported","igd"
"84","3",66422246,-0.1891,0.0331,1.10101e-08,678784,"ieu-b-38","rs7618284","C","G",0.3394,"systolic blood pressure || id:ieu-b-38",TRUE,"reported","igd"
"85","3",70920485,0.2199,0.0326,1.46285e-11,723821,"ieu-b-38","rs4499560","T","A",0.6829,"systolic blood pressure || id:ieu-b-38",TRUE,"reported","igd"
"86","3",74710462,-0.1727,0.0306,1.62301e-08,713964,"ieu-b-38","rs9857362","C","A",0.4709,"systolic blood pressure || id:ieu-b-38",TRUE,"reported","igd"
"87","3",141152017,0.4713,0.0651,4.64301e-13,718960,"ieu-b-38","rs9876694","T","C",0.0584,"systolic blood pressure || id:ieu-b-38",TRUE,"reported","igd"
"88","3",168697602,-0.4998,0.0487,1.02707e-24,734991,"ieu-b-38","rs3980686","T","G",0.1075,"systolic blood pressure || id:ieu-b-38",TRUE,"reported","igd"
"89","3",169096900,0.4124,0.0303,2.96825e-42,732685,"ieu-b-38","rs1290784","T","C",0.4483,"systolic blood pressure || id:ieu-b-38",TRUE,"reported","igd"
"90","3",183435713,-0.2371,0.0305,7.66655e-15,719675,"ieu-b-38","rs262986","A","G",0.4704,"systolic blood pressure || id:ieu-b-38",TRUE,"reported","igd"
"91","3",27704702,0.6445,0.1143,1.737e-08,679844,"ieu-b-38","rs68115553","G","A",0.0199,"systolic blood pressure || id:ieu-b-38",TRUE,"reported","igd"
"92","3",48108442,0.3793,0.0355,1.38899e-26,709617,"ieu-b-38","rs6771917","C","T",0.7523,"systolic blood pressure || id:ieu-b-38",TRUE,"reported","igd"
"93","3",53143901,-0.1891,0.0321,3.90301e-09,728368,"ieu-b-38","rs7615099","G","A",0.3325,"systolic blood pressure || id:ieu-b-38",TRUE,"reported","igd"
"94","3",133949366,0.3081,0.0308,1.59294e-23,734619,"ieu-b-38","rs9880098","A","G",0.3946,"systolic blood pressure || id:ieu-b-38",TRUE,"reported","igd"
"95","3",154680449,-0.4003,0.0504,2.08689e-15,729915,"ieu-b-38","rs79539362","C","T",0.1008,"systolic blood pressure || id:ieu-b-38",TRUE,"reported","igd"
"96","3",158212823,0.221,0.0339,7.30971e-11,734249,"ieu-b-38","rs6788907","A","G",0.2682,"systolic blood pressure || id:ieu-b-38",TRUE,"reported","igd"
"97","3",11495983,0.3231,0.0307,7.00971e-26,733326,"ieu-b-38","rs9848170","C","G",0.597,"systolic blood pressure || id:ieu-b-38",TRUE,"reported","igd"
"98","3",153729768,0.2301,0.0345,2.42493e-11,734663,"ieu-b-38","rs4408839","G","A",0.2567,"systolic blood pressure || id:ieu-b-38",TRUE,"reported","igd"
"99","3",14943965,-0.2901,0.0305,1.77582e-21,730972,"ieu-b-38","rs11925504","A","G",0.5721,"systolic blood pressure || id:ieu-b-38",TRUE,"reported","igd"
"100","3",41925398,0.2262,0.0412,4.14295e-08,712540,"ieu-b-38","rs1052501","T","C",0.8329,"systolic blood pressure || id:ieu-b-38",TRUE,"reported","igd"
"101","3",53562894,0.2774,0.0349,1.89583e-15,720886,"ieu-b-38","rs6445583","A","G",0.7465,"systolic blood pressure || id:ieu-b-38",TRUE,"reported","igd"
"102","3",124557643,-0.2736,0.0305,3.13184e-19,732743,"ieu-b-38","rs6438857","C","T",0.4226,"systolic blood pressure || id:ieu-b-38",TRUE,"reported","igd"
"103","3",169325621,0.1764,0.0302,5.22096e-09,731426,"ieu-b-38","rs2111557","T","C",0.4675,"systolic blood pressure || id:ieu-b-38",TRUE,"reported","igd"
"104","4",83830244,-0.2114,0.0351,1.73002e-09,725002,"ieu-b-38","rs60909079","C","G",0.2492,"systolic blood pressure || id:ieu-b-38",TRUE,"reported","igd"
"105","4",144051276,0.2243,0.0324,4.33711e-12,733146,"ieu-b-38","rs72719160","T","A",0.3171,"systolic blood pressure || id:ieu-b-38",TRUE,"reported","igd"
"106","4",18008232,0.2903,0.0343,2.86286e-17,726424,"ieu-b-38","rs2610990","G","A",0.7359,"systolic blood pressure || id:ieu-b-38",TRUE,"reported","igd"
"107","4",48713862,-0.2244,0.0304,1.59294e-13,723520,"ieu-b-38","rs62309747","A","G",0.4734,"systolic blood pressure || id:ieu-b-38",TRUE,"reported","igd"
"108","4",111408718,-0.3231,0.0466,3.90931e-12,726285,"ieu-b-38","rs1814951","A","G",0.8785,"systolic blood pressure || id:ieu-b-38",TRUE,"reported","igd"
"109","4",138464842,0.2537,0.0309,2.30622e-16,723243,"ieu-b-38","rs7439567","T","C",0.4106,"systolic blood pressure || id:ieu-b-38",TRUE,"reported","igd"
"110","4",145740898,0.2075,0.0358,6.84605e-09,699949,"ieu-b-38","rs2353940","C","T",0.2493,"systolic blood pressure || id:ieu-b-38",TRUE,"reported","igd"
"111","4",156639846,-0.3134,0.0313,1.23197e-23,737396,"ieu-b-38","rs12643599","G","A",0.3605,"systolic blood pressure || id:ieu-b-38",TRUE,"reported","igd"
"112","4",3451109,0.3171,0.0517,8.51491e-10,719352,"ieu-b-38","rs2498323","A","G",0.098,"systolic blood pressure || id:ieu-b-38",TRUE,"reported","igd"
"113","4",38387244,-0.2622,0.0303,5.10387e-18,729355,"ieu-b-38","rs2291434","T","G",0.5335,"systolic blood pressure || id:ieu-b-38",TRUE,"reported","igd"
"114","4",46595623,0.2329,0.0399,5.39299e-09,718970,"ieu-b-38","rs12511987","G","T",0.1774,"systolic blood pressure || id:ieu-b-38",TRUE,"reported","igd"
"115","4",81182554,0.8367,0.0334,2.5527e-138,723737,"ieu-b-38","rs12509595","C","T",0.2923,"systolic blood pressure || id:ieu-b-38",TRUE,"reported","igd"
"116","4",86719165,0.534,0.043,1.78115e-35,720369,"ieu-b-38","rs17010957","C","T",0.1463,"systolic blood pressure || id:ieu-b-38",TRUE,"reported","igd"
"117","4",148383424,0.2732,0.0434,3.04299e-10,734503,"ieu-b-38","rs73855810","A","G",0.1406,"systolic blood pressure || id:ieu-b-38",TRUE,"reported","igd"
"118","4",156402654,-0.3654,0.0304,2.43108e-33,725395,"ieu-b-38","rs7683728","T","C",0.5312,"systolic blood pressure || id:ieu-b-38",TRUE,"reported","igd"
"119","4",2668217,-0.2847,0.0327,3.17176e-18,729752,"ieu-b-38","rs1290933","A","C",0.6919,"systolic blood pressure || id:ieu-b-38",TRUE,"reported","igd"
"120","4",26812737,0.2651,0.0317,5.69508e-17,694102,"ieu-b-38","rs55924432","T","C",0.401,"systolic blood pressure || id:ieu-b-38",TRUE,"reported","igd"
"121","4",89752913,-0.2937,0.0398,1.69083e-13,712926,"ieu-b-38","rs10028284","T","A",0.1816,"systolic blood pressure || id:ieu-b-38",TRUE,"reported","igd"
"122","4",103188709,-0.9086,0.0592,4.21891e-53,722416,"ieu-b-38","rs13107325","T","C",0.0739,"systolic blood pressure || id:ieu-b-38",TRUE,"reported","igd"
"123","4",108861082,0.1766,0.0318,2.72797e-08,733403,"ieu-b-38","rs1493132","C","T",0.3397,"systolic blood pressure || id:ieu-b-38",TRUE,"reported","igd"
"124","4",120555696,0.1973,0.0303,7.24102e-11,728729,"ieu-b-38","rs4834792","A","T",0.4796,"systolic blood pressure || id:ieu-b-38",TRUE,"reported","igd"
"125","4",169688000,-0.2115,0.0305,4.12382e-12,717605,"ieu-b-38","rs869396","A","C",0.4659,"systolic blood pressure || id:ieu-b-38",TRUE,"reported","igd"
"126","4",2246927,0.478,0.0786,1.181e-09,722678,"ieu-b-38","rs34535756","T","C",0.0394,"systolic blood pressure || id:ieu-b-38",TRUE,"reported","igd"
"127","4",54801228,-0.3789,0.0498,2.81968e-14,706632,"ieu-b-38","rs60991988","G","T",0.1069,"systolic blood pressure || id:ieu-b-38",TRUE,"reported","igd"
"128","4",63768826,-0.1778,0.0314,1.567e-08,723080,"ieu-b-38","rs13107261","A","G",0.3687,"systolic blood pressure || id:ieu-b-38",TRUE,"reported","igd"
"129","4",77414144,-0.2157,0.0302,9.2406e-13,732349,"ieu-b-38","rs10008637","C","T",0.4595,"systolic blood pressure || id:ieu-b-38",TRUE,"reported","igd"
"130","4",106911321,0.3628,0.043,3.35274e-17,722507,"ieu-b-38","rs11097909","C","T",0.8528,"systolic blood pressure || id:ieu-b-38",TRUE,"reported","igd"
"131","4",157678511,-0.3074,0.0429,7.61377e-13,729651,"ieu-b-38","rs17035181","G","T",0.1448,"systolic blood pressure || id:ieu-b-38",TRUE,"reported","igd"
"132","5",114428167,-0.2071,0.0326,2.22602e-10,732060,"ieu-b-38","rs11241313","T","C",0.3112,"systolic blood pressure || id:ieu-b-38",TRUE,"reported","igd"
"133","5",32831939,0.6382,0.0307,7.14003e-96,731458,"ieu-b-38","rs12656497","C","T",0.5966,"systolic blood pressure || id:ieu-b-38",TRUE,"reported","igd"
"134","5",50818437,-0.2048,0.0302,1.21004e-11,728087,"ieu-b-38","rs7722243","A","G",0.5043,"systolic blood pressure || id:ieu-b-38",TRUE,"reported","igd"
"135","5",61940569,0.455,0.059,1.26911e-14,727366,"ieu-b-38","rs12657950","T","C",0.0744,"systolic blood pressure || id:ieu-b-38",TRUE,"reported","igd"
"136","5",122470209,0.331,0.0309,1.05196e-26,731435,"ieu-b-38","rs1422279","T","C",0.3864,"systolic blood pressure || id:ieu-b-38",TRUE,"reported","igd"
"137","5",127411454,0.2024,0.0362,2.20699e-08,726526,"ieu-b-38","rs10045307","G","C",0.227,"systolic blood pressure || id:ieu-b-38",TRUE,"reported","igd"
"138","5",140086677,0.2318,0.0305,3.23892e-14,727577,"ieu-b-38","rs702395","T","C",0.4369,"systolic blood pressure || id:ieu-b-38",TRUE,"reported","igd"
"139","5",157474590,0.3629,0.0342,2.31686e-26,733457,"ieu-b-38","rs1957563","T","C",0.265,"systolic blood pressure || id:ieu-b-38",TRUE,"reported","igd"
"140","5",157938070,0.388,0.0445,2.94985e-18,726650,"ieu-b-38","rs13358657","G","A",0.1332,"systolic blood pressure || id:ieu-b-38",TRUE,"reported","igd"
"141","5",173301427,-0.2663,0.0333,1.20088e-15,729395,"ieu-b-38","rs3860770","A","G",0.2916,"systolic blood pressure || id:ieu-b-38",TRUE,"reported","igd"
"142","5",68007803,0.2479,0.0335,1.45312e-13,718997,"ieu-b-38","rs246973","T","C",0.2882,"systolic blood pressure || id:ieu-b-38",TRUE,"reported","igd"
"143","5",122835051,-0.2747,0.0319,8.06678e-18,734819,"ieu-b-38","rs9327297","G","C",0.3324,"systolic blood pressure || id:ieu-b-38",TRUE,"reported","igd"
"144","5",1279790,0.3098,0.0369,4.47301e-17,654501,"ieu-b-38","rs10069690","T","C",0.2582,"systolic blood pressure || id:ieu-b-38",TRUE,"reported","igd"
"145","5",15695987,-0.1985,0.0359,3.07199e-08,729285,"ieu-b-38","rs7725413","T","C",0.7699,"systolic blood pressure || id:ieu-b-38",TRUE,"reported","igd"
"146","5",33194751,0.2585,0.0332,6.41505e-15,732984,"ieu-b-38","rs10941043","G","T",0.2902,"systolic blood pressure || id:ieu-b-38",TRUE,"reported","igd"
"147","5",63831964,-0.2136,0.0347,7.58106e-10,726723,"ieu-b-38","rs6870654","C","T",0.2546,"systolic blood pressure || id:ieu-b-38",TRUE,"reported","igd"
"148","5",66280577,-0.2051,0.0344,2.355e-09,716466,"ieu-b-38","rs73103937","C","T",0.268,"systolic blood pressure || id:ieu-b-38",TRUE,"reported","igd"
"149","5",67678506,0.2246,0.0333,1.51217e-11,714892,"ieu-b-38","rs7703560","G","A",0.2998,"systolic blood pressure || id:ieu-b-38",TRUE,"reported","igd"
"150","5",87389027,-0.3143,0.0377,7.82168e-17,724369,"ieu-b-38","rs6452769","A","G",0.2053,"systolic blood pressure || id:ieu-b-38",TRUE,"reported","igd"
"151","5",96211594,-0.5233,0.0816,1.40101e-10,728750,"ieu-b-38","rs76443575","C","G",0.0359,"systolic blood pressure || id:ieu-b-38",TRUE,"reported","igd"
"152","5",157817634,-0.4727,0.0313,1.25285e-51,725775,"ieu-b-38","rs11960210","C","T",0.3755,"systolic blood pressure || id:ieu-b-38",TRUE,"reported","igd"
"153","5",179411477,-0.3303,0.0486,1.06905e-11,700177,"ieu-b-38","rs12153395","A","G",0.1147,"systolic blood pressure || id:ieu-b-38",TRUE,"reported","igd"
"154","5",361148,-0.1982,0.0323,8.11895e-10,716315,"ieu-b-38","rs4957026","G","A",0.6601,"systolic blood pressure || id:ieu-b-38",TRUE,"reported","igd"
"155","5",53276301,0.2643,0.0326,5.69246e-16,734655,"ieu-b-38","rs1664781","A","G",0.6925,"systolic blood pressure || id:ieu-b-38",TRUE,"reported","igd"
"156","5",55861464,0.2287,0.0387,3.304e-09,728189,"ieu-b-38","rs28650790","T","C",0.1891,"systolic blood pressure || id:ieu-b-38",TRUE,"reported","igd"
"157","5",97953719,0.1954,0.0324,1.656e-09,714803,"ieu-b-38","rs1871190","T","G",0.3349,"systolic blood pressure || id:ieu-b-38",TRUE,"reported","igd"
"158","5",127845030,0.3427,0.0307,7.11377e-29,732020,"ieu-b-38","rs6892983","A","C",0.4022,"systolic blood pressure || id:ieu-b-38",TRUE,"reported","igd"
"159","5",141726983,0.2418,0.0359,1.62293e-11,720146,"ieu-b-38","rs2913920","T","C",0.765,"systolic blood pressure || id:ieu-b-38",TRUE,"reported","igd"
"160","6",12903957,-0.2664,0.0312,1.30707e-17,714669,"ieu-b-38","rs9349379","G","A",0.407,"systolic blood pressure || id:ieu-b-38",TRUE,"reported","igd"
"161","6",31762844,0.4466,0.0309,2.66379e-47,717516,"ieu-b-38","rs67600122","T","G",0.4199,"systolic blood pressure || id:ieu-b-38",TRUE,"reported","igd"
"162","6",79657391,0.2409,0.0303,1.76807e-15,728319,"ieu-b-38","rs1984195","A","G",0.4887,"systolic blood pressure || id:ieu-b-38",TRUE,"reported","igd"
"163","6",109013930,0.2657,0.0385,5.41876e-12,705662,"ieu-b-38","rs9486916","T","C",0.1979,"systolic blood pressure || id:ieu-b-38",TRUE,"reported","igd"
"164","6",25882678,0.5324,0.0499,1.42594e-26,730445,"ieu-b-38","rs79782817","T","G",0.1027,"systolic blood pressure || id:ieu-b-38",TRUE,"reported","igd"
"165","6",140692862,-0.1967,0.035,1.94299e-08,726042,"ieu-b-38","rs13204703","C","T",0.2489,"systolic blood pressure || id:ieu-b-38",TRUE,"reported","igd"
"166","6",151959945,0.1988,0.0347,1.034e-08,734562,"ieu-b-38","rs1293969","C","T",0.2516,"systolic blood pressure || id:ieu-b-38",TRUE,"reported","igd"
"167","6",163737476,0.2104,0.0374,1.81999e-08,686838,"ieu-b-38","rs12661036","C","T",0.225,"systolic blood pressure || id:ieu-b-38",TRUE,"reported","igd"
"168","6",1613686,-0.2164,0.0317,8.95571e-12,675881,"ieu-b-38","rs2745599","G","A",0.448,"systolic blood pressure || id:ieu-b-38",TRUE,"reported","igd"
"169","6",12295987,-0.1706,0.0309,3.51601e-08,701460,"ieu-b-38","rs1630736","T","C",0.465,"systolic blood pressure || id:ieu-b-38",TRUE,"reported","igd"
"170","6",39262535,0.2755,0.0458,1.76299e-09,697076,"ieu-b-38","rs2815063","A","C",0.1315,"systolic blood pressure || id:ieu-b-38",TRUE,"reported","igd"
"171","6",126228512,0.2106,0.0302,2.91206e-12,732600,"ieu-b-38","rs10782230","A","G",0.4845,"systolic blood pressure || id:ieu-b-38",TRUE,"reported","igd"
"172","6",127159982,0.5202,0.0305,3.65595e-65,728094,"ieu-b-38","rs9401913","A","G",0.4387,"systolic blood pressure || id:ieu-b-38",TRUE,"reported","igd"
"173","6",143200936,0.2134,0.0335,1.79999e-10,724093,"ieu-b-38","rs8180684","T","C",0.2896,"systolic blood pressure || id:ieu-b-38",TRUE,"reported","igd"
"174","6",22384718,-0.2369,0.0355,2.47913e-11,729519,"ieu-b-38","rs2744139","C","T",0.2376,"systolic blood pressure || id:ieu-b-38",TRUE,"reported","igd"
"175","6",30988017,0.4751,0.0747,1.98299e-10,654608,"ieu-b-38","rs12528975","A","G",0.0489,"systolic blood pressure || id:ieu-b-38",TRUE,"reported","igd"
"176","6",82235408,0.2196,0.0324,1.24796e-11,733454,"ieu-b-38","rs9361836","T","C",0.3172,"systolic blood pressure || id:ieu-b-38",TRUE,"reported","igd"
"177","6",117522156,0.1909,0.0305,3.74498e-10,734808,"ieu-b-38","rs961764","G","C",0.5746,"systolic blood pressure || id:ieu-b-38",TRUE,"reported","igd"
"178","6",134159976,-0.1844,0.0333,3.07298e-08,726210,"ieu-b-38","rs9285476","G","C",0.2929,"systolic blood pressure || id:ieu-b-38",TRUE,"reported","igd"
"179","6",7715689,0.1973,0.0301,5.58599e-11,735850,"ieu-b-38","rs1575290","T","C",0.4733,"systolic blood pressure || id:ieu-b-38",TRUE,"reported","igd"
"180","6",20686996,0.2281,0.0339,1.83696e-11,736095,"ieu-b-38","rs9368222","A","C",0.2688,"systolic blood pressure || id:ieu-b-38",TRUE,"reported","igd"
"181","6",43349215,0.3363,0.0321,1.17004e-25,736355,"ieu-b-38","rs7763558","A","G",0.3241,"systolic blood pressure || id:ieu-b-38",TRUE,"reported","igd"
"182","6",50683009,0.4287,0.0541,2.36483e-15,707070,"ieu-b-38","rs78648104","C","T",0.0925,"systolic blood pressure || id:ieu-b-38",TRUE,"reported","igd"
"183","6",97066242,0.3575,0.0385,1.57507e-20,731010,"ieu-b-38","rs6921291","T","C",0.1907,"systolic blood pressure || id:ieu-b-38",TRUE,"reported","igd"
"184","6",147713764,-0.201,0.0307,5.88166e-11,711993,"ieu-b-38","rs7765526","G","A",0.5367,"systolic blood pressure || id:ieu-b-38",TRUE,"reported","igd"
"185","6",151004770,-0.8085,0.0594,3.52209e-42,734200,"ieu-b-38","rs17080102","C","G",0.0694,"systolic blood pressure || id:ieu-b-38",TRUE,"reported","igd"
"186","6",159711515,-0.329,0.044,7.07946e-14,726475,"ieu-b-38","rs509833","G","A",0.8614,"systolic blood pressure || id:ieu-b-38",TRUE,"reported","igd"
"187","6",166176722,-0.4088,0.0593,5.63767e-12,677837,"ieu-b-38","rs7744902","A","G",0.0766,"systolic blood pressure || id:ieu-b-38",TRUE,"reported","igd"
"188","7",90297177,-0.1799,0.0322,2.39299e-08,725288,"ieu-b-38","rs67617547","G","C",0.3303,"systolic blood pressure || id:ieu-b-38",TRUE,"reported","igd"
"189","7",106414069,0.7507,0.0379,1.95794e-87,723277,"ieu-b-38","rs2392929","G","T",0.2027,"systolic blood pressure || id:ieu-b-38",TRUE,"reported","igd"
"190","7",130432469,-0.2422,0.0303,1.37309e-15,725006,"ieu-b-38","rs34072724","A","G",0.4889,"systolic blood pressure || id:ieu-b-38",TRUE,"reported","igd"
"191","7",4669949,0.2382,0.0392,1.19699e-09,703622,"ieu-b-38","rs73049928","G","A",0.1939,"systolic blood pressure || id:ieu-b-38",TRUE,"reported","igd"
"192","7",18543250,0.1859,0.0319,5.38902e-09,720607,"ieu-b-38","rs3807925","G","A",0.3504,"systolic blood pressure || id:ieu-b-38",TRUE,"reported","igd"
"193","7",47548893,0.2151,0.035,7.88297e-10,733620,"ieu-b-38","rs12668436","C","T",0.2459,"systolic blood pressure || id:ieu-b-38",TRUE,"reported","igd"
"194","7",130973495,0.2694,0.031,3.76184e-18,720141,"ieu-b-38","rs35680304","T","C",0.5929,"systolic blood pressure || id:ieu-b-38",TRUE,"reported","igd"
"195","7",2529623,-0.302,0.0327,2.45584e-20,706826,"ieu-b-38","rs10282122","T","C",0.6684,"systolic blood pressure || id:ieu-b-38",TRUE,"reported","igd"
"196","7",1966831,0.2344,0.031,4.21794e-14,719492,"ieu-b-38","rs200700882","G","A",0.4019,"systolic blood pressure || id:ieu-b-38",TRUE,"reported","igd"
"197","7",19039605,0.3222,0.038,2.33507e-17,726773,"ieu-b-38","rs28688791","C","T",0.1982,"systolic blood pressure || id:ieu-b-38",TRUE,"reported","igd"
"198","7",24735004,-0.2641,0.0477,3.179e-08,727954,"ieu-b-38","rs112509803","C","G",0.1138,"systolic blood pressure || id:ieu-b-38",TRUE,"reported","igd"
"199","7",131361319,-0.2064,0.0345,2.197e-09,725734,"ieu-b-38","rs6957161","G","A",0.7382,"systolic blood pressure || id:ieu-b-38",TRUE,"reported","igd"
"200","7",149474622,0.3616,0.0623,6.60404e-09,706794,"ieu-b-38","rs73727605","A","G",0.0663,"systolic blood pressure || id:ieu-b-38",TRUE,"reported","igd"
"201","7",150690176,0.664,0.0575,8.46058e-31,680941,"ieu-b-38","rs3918226","T","C",0.0811,"systolic blood pressure || id:ieu-b-38",TRUE,"reported","igd"
"202","7",151413194,0.3831,0.034,1.60398e-29,717138,"ieu-b-38","rs10224210","C","T",0.2789,"systolic blood pressure || id:ieu-b-38",TRUE,"reported","igd"
"203","7",27245893,0.91,0.0577,5.29054e-56,733213,"ieu-b-38","rs3735533","C","T",0.9257,"systolic blood pressure || id:ieu-b-38",TRUE,"reported","igd"
"204","7",27328187,0.5304,0.0497,1.42988e-26,731065,"ieu-b-38","rs6961048","G","C",0.104,"systolic blood pressure || id:ieu-b-38",TRUE,"reported","igd"
"205","7",46008110,-0.3213,0.0312,6.62217e-25,718110,"ieu-b-38","rs11977526","A","G",0.4009,"systolic blood pressure || id:ieu-b-38",TRUE,"reported","igd"
"206","7",77572461,0.2025,0.0339,2.28402e-09,714845,"ieu-b-38","rs848445","C","T",0.7149,"systolic blood pressure || id:ieu-b-38",TRUE,"reported","igd"
"207","7",92237426,-0.3231,0.0345,7.39265e-21,720869,"ieu-b-38","rs42032","A","G",0.2641,"systolic blood pressure || id:ieu-b-38",TRUE,"reported","igd"
"208","7",131321010,0.5885,0.0839,2.34801e-12,623396,"ieu-b-38","rs75672964","T","C",0.0418,"systolic blood pressure || id:ieu-b-38",TRUE,"reported","igd"
"209","7",155744303,-0.206,0.0311,3.60496e-11,695501,"ieu-b-38","rs1870735","G","C",0.5469,"systolic blood pressure || id:ieu-b-38",TRUE,"reported","igd"
"210","8",25889446,-0.4222,0.0348,6.67421e-34,723315,"ieu-b-38","rs7821832","G","T",0.2553,"systolic blood pressure || id:ieu-b-38",TRUE,"reported","igd"
"211","8",38130025,0.2966,0.0358,1.20393e-16,731179,"ieu-b-38","rs1906672","A","G",0.2319,"systolic blood pressure || id:ieu-b-38",TRUE,"reported","igd"
"212","8",92793786,0.1844,0.0321,9.2151e-09,729744,"ieu-b-38","rs4734868","G","A",0.3303,"systolic blood pressure || id:ieu-b-38",TRUE,"reported","igd"
"213","8",141057641,-0.2201,0.0312,1.87413e-12,733272,"ieu-b-38","rs4440615","A","G",0.6321,"systolic blood pressure || id:ieu-b-38",TRUE,"reported","igd"
"214","8",1710404,0.22,0.0336,6.2273e-11,716766,"ieu-b-38","rs4876133","C","G",0.711,"systolic blood pressure || id:ieu-b-38",TRUE,"reported","igd"
"215","8",77681097,-0.2975,0.0498,2.28402e-09,727604,"ieu-b-38","rs9918876","A","C",0.1037,"systolic blood pressure || id:ieu-b-38",TRUE,"reported","igd"
"216","8",81386066,-0.4623,0.0848,4.96798e-08,693082,"ieu-b-38","rs148401029","A","C",0.0352,"systolic blood pressure || id:ieu-b-38",TRUE,"reported","igd"
"217","8",120358445,-0.3454,0.0392,1.28204e-18,734365,"ieu-b-38","rs2470004","T","C",0.8175,"systolic blood pressure || id:ieu-b-38",TRUE,"reported","igd"
"218","8",10640065,-0.3794,0.0307,5.19159e-35,734295,"ieu-b-38","rs1821002","G","C",0.5892,"systolic blood pressure || id:ieu-b-38",TRUE,"reported","igd"
"219","8",23402482,0.2662,0.0363,2.40381e-13,733632,"ieu-b-38","rs7844887","A","G",0.2208,"systolic blood pressure || id:ieu-b-38",TRUE,"reported","igd"
"220","8",26043622,0.3467,0.0485,8.37722e-13,725838,"ieu-b-38","rs77375686","G","A",0.1117,"systolic blood pressure || id:ieu-b-38",TRUE,"reported","igd"
"221","8",64501744,-0.2507,0.0317,2.42326e-15,723156,"ieu-b-38","rs2354862","C","A",0.3593,"systolic blood pressure || id:ieu-b-38",TRUE,"reported","igd"
"222","8",82828857,-0.2066,0.0306,1.41808e-11,733627,"ieu-b-38","rs62512914","G","A",0.4152,"systolic blood pressure || id:ieu-b-38",TRUE,"reported","igd"
"223","8",101674751,-0.2073,0.0307,1.344e-11,724456,"ieu-b-38","rs1786345","C","A",0.4338,"systolic blood pressure || id:ieu-b-38",TRUE,"reported","igd"
"224","8",126513197,0.2132,0.0329,9.62498e-11,699348,"ieu-b-38","rs6986368","T","A",0.3274,"systolic blood pressure || id:ieu-b-38",TRUE,"reported","igd"
"225","8",129386613,-0.1911,0.0314,1.17101e-09,718349,"ieu-b-38","rs4260863","G","C",0.3837,"systolic blood pressure || id:ieu-b-38",TRUE,"reported","igd"
"226","8",51947549,0.3431,0.0403,1.61399e-17,722450,"ieu-b-38","rs4873492","T","C",0.1724,"systolic blood pressure || id:ieu-b-38",TRUE,"reported","igd"
"227","8",95278307,0.3124,0.0454,5.96623e-12,733399,"ieu-b-38","rs34917849","C","G",0.1268,"systolic blood pressure || id:ieu-b-38",TRUE,"reported","igd"
"228","8",129170126,-0.1805,0.032,1.60901e-08,731597,"ieu-b-38","rs2608029","G","C",0.3347,"systolic blood pressure || id:ieu-b-38",TRUE,"reported","igd"
"229","8",143991858,-0.2753,0.0305,1.80593e-19,722704,"ieu-b-38","rs7463212","A","T",0.5445,"systolic blood pressure || id:ieu-b-38",TRUE,"reported","igd"
"230","8",68920135,0.2127,0.033,1.128e-10,731985,"ieu-b-38","rs13253358","T","C",0.2979,"systolic blood pressure || id:ieu-b-38",TRUE,"reported","igd"
"231","8",76878957,-0.2601,0.0306,1.87111e-17,735582,"ieu-b-38","rs2126474","T","G",0.4125,"systolic blood pressure || id:ieu-b-38",TRUE,"reported","igd"
"232","8",105921209,0.4005,0.0727,3.67799e-08,676202,"ieu-b-38","rs79069610","C","T",0.05,"systolic blood pressure || id:ieu-b-38",TRUE,"reported","igd"
"233","8",105966258,-0.4619,0.0507,8.81455e-20,702899,"ieu-b-38","rs35783704","A","G",0.1042,"systolic blood pressure || id:ieu-b-38",TRUE,"reported","igd"
"234","8",135616959,0.2325,0.0301,1.21088e-14,735524,"ieu-b-38","rs7012866","G","T",0.5009,"systolic blood pressure || id:ieu-b-38",TRUE,"reported","igd"
"235","8",141812374,0.2268,0.0303,7.3536e-14,733413,"ieu-b-38","rs4961293","T","C",0.4513,"systolic blood pressure || id:ieu-b-38",TRUE,"reported","igd"
"236","9",22942770,-0.2048,0.0343,2.47201e-09,719547,"ieu-b-38","rs9886665","C","T",0.7329,"systolic blood pressure || id:ieu-b-38",TRUE,"reported","igd"
"237","9",77239540,0.2173,0.0388,2.16501e-08,738234,"ieu-b-38","rs1410222","T","C",0.8166,"systolic blood pressure || id:ieu-b-38",TRUE,"reported","igd"
"238","9",128153616,-0.2449,0.0303,6.31393e-16,737567,"ieu-b-38","rs3104552","C","T",0.4393,"systolic blood pressure || id:ieu-b-38",TRUE,"reported","igd"
"239","9",9350706,-0.2203,0.0314,2.31686e-12,738182,"ieu-b-38","rs1332813","C","T",0.6486,"systolic blood pressure || id:ieu-b-38",TRUE,"reported","igd"
"240","9",113249071,0.7606,0.0827,3.82825e-20,723034,"ieu-b-38","rs10980408","C","T",0.0359,"systolic blood pressure || id:ieu-b-38",TRUE,"reported","igd"
"241","9",753648,0.2382,0.0385,5.87503e-10,735814,"ieu-b-38","rs60191654","G","A",0.1882,"systolic blood pressure || id:ieu-b-38",TRUE,"reported","igd"
"242","9",35906471,-0.2974,0.0397,7.12853e-14,650429,"ieu-b-38","rs76452347","T","C",0.205,"systolic blood pressure || id:ieu-b-38",TRUE,"reported","igd"
"243","9",116670743,-0.1869,0.0299,4.00701e-10,742774,"ieu-b-38","rs7026176","T","G",0.5118,"systolic blood pressure || id:ieu-b-38",TRUE,"reported","igd"
"244","9",125657099,-0.3009,0.0453,3.12968e-11,726129,"ieu-b-38","rs4838021","T","C",0.1289,"systolic blood pressure || id:ieu-b-38",TRUE,"reported","igd"
"245","9",4117713,0.1689,0.0303,2.43798e-08,725247,"ieu-b-38","rs927315","T","C",0.4713,"systolic blood pressure || id:ieu-b-38",TRUE,"reported","igd"
"246","9",34223553,-0.2035,0.03,1.09396e-11,740912,"ieu-b-38","rs4553000","T","C",0.5141,"systolic blood pressure || id:ieu-b-38",TRUE,"reported","igd"
"247","9",95201540,-0.1862,0.0313,2.54501e-09,738983,"ieu-b-38","rs7045409","A","T",0.3669,"systolic blood pressure || id:ieu-b-38",TRUE,"reported","igd"
"248","9",123516572,-0.223,0.0308,4.70652e-13,723871,"ieu-b-38","rs34025993","G","A",0.586,"systolic blood pressure || id:ieu-b-38",TRUE,"reported","igd"
"249","9",136522274,-0.5547,0.0611,1.18304e-19,668892,"ieu-b-38","rs6271","T","C",0.0735,"systolic blood pressure || id:ieu-b-38",TRUE,"reported","igd"
"250","9",139520789,-0.2135,0.0322,3.53671e-11,673847,"ieu-b-38","rs11145807","G","A",0.5943,"systolic blood pressure || id:ieu-b-38",TRUE,"reported","igd"
"251","10",45377839,-0.2256,0.0338,2.60976e-11,716904,"ieu-b-38","rs4284362","A","C",0.7181,"systolic blood pressure || id:ieu-b-38",TRUE,"reported","igd"
"252","10",60365755,0.1794,0.0305,4.03497e-09,722696,"ieu-b-38","rs4245599","G","A",0.5416,"systolic blood pressure || id:ieu-b-38",TRUE,"reported","igd"
"253","10",82136664,-0.203,0.0302,1.88018e-11,732858,"ieu-b-38","rs10749572","T","G",0.5444,"systolic blood pressure || id:ieu-b-38",TRUE,"reported","igd"
"254","10",95899706,-0.2702,0.0316,1.14604e-17,716794,"ieu-b-38","rs2689690","T","C",0.3678,"systolic blood pressure || id:ieu-b-38",TRUE,"reported","igd"
"255","10",4124568,-0.4164,0.0573,3.61327e-13,728929,"ieu-b-38","rs11252324","T","G",0.0771,"systolic blood pressure || id:ieu-b-38",TRUE,"reported","igd"
"256","10",18727959,-0.6327,0.0337,1.08293e-78,711222,"ieu-b-38","rs12258967","G","C",0.2953,"systolic blood pressure || id:ieu-b-38",TRUE,"reported","igd"
"257","10",48411796,-0.3016,0.0497,1.279e-09,665218,"ieu-b-38","rs34130368","T","G",0.117,"systolic blood pressure || id:ieu-b-38",TRUE,"reported","igd"
"258","10",63499951,-0.716,0.0426,2.10184e-63,731715,"ieu-b-38","rs57946343","C","T",0.1473,"systolic blood pressure || id:ieu-b-38",TRUE,"reported","igd"
"259","10",94441507,0.3569,0.0597,2.28802e-09,716603,"ieu-b-38","rs111866816","T","C",0.0709,"systolic blood pressure || id:ieu-b-38",TRUE,"reported","igd"
"260","10",104906211,-1.0995,0.055,7.73749e-89,736152,"ieu-b-38","rs11191580","C","T",0.0824,"systolic blood pressure || id:ieu-b-38",TRUE,"reported","igd"
"261","10",32289986,0.2135,0.0387,3.58402e-08,728615,"ieu-b-38","rs12264186","T","C",0.1871,"systolic blood pressure || id:ieu-b-38",TRUE,"reported","igd"
"262","10",75409877,0.4394,0.0432,2.79705e-24,701559,"ieu-b-38","rs2177843","T","C",0.1505,"systolic blood pressure || id:ieu-b-38",TRUE,"reported","igd"
"263","10",102553647,0.6846,0.048,3.49704e-46,729961,"ieu-b-38","rs1006545","T","G",0.8872,"systolic blood pressure || id:ieu-b-38",TRUE,"reported","igd"
"264","10",115792787,0.4557,0.0342,1.42102e-40,725665,"ieu-b-38","rs740746","A","G",0.7318,"systolic blood pressure || id:ieu-b-38",TRUE,"reported","igd"
"265","10",133773019,-0.2144,0.0322,2.93833e-11,703775,"ieu-b-38","rs7912283","A","G",0.6468,"systolic blood pressure || id:ieu-b-38",TRUE,"reported","igd"
"266","10",114808902,0.2358,0.0335,1.93821e-12,727333,"ieu-b-38","rs12255372","T","G",0.2883,"systolic blood pressure || id:ieu-b-38",TRUE,"reported","igd"
"267","10",122968964,0.3024,0.0326,1.54703e-20,732564,"ieu-b-38","rs11592107","A","G",0.3096,"systolic blood pressure || id:ieu-b-38",TRUE,"reported","igd"
"268","10",18471794,0.3827,0.0321,7.66126e-33,730307,"ieu-b-38","rs1623474","T","C",0.3303,"systolic blood pressure || id:ieu-b-38",TRUE,"reported","igd"
"269","10",28233469,0.2527,0.0301,4.64836e-17,737138,"ieu-b-38","rs3802517","A","T",0.4618,"systolic blood pressure || id:ieu-b-38",TRUE,"reported","igd"
"270","10",64564892,-0.3028,0.0309,1.04496e-22,728424,"ieu-b-38","rs2236295","T","G",0.3978,"systolic blood pressure || id:ieu-b-38",TRUE,"reported","igd"
"271","10",96023077,-0.4501,0.0304,1.13789e-49,735629,"ieu-b-38","rs57866767","C","T",0.4322,"systolic blood pressure || id:ieu-b-38",TRUE,"reported","igd"
"272","10",107158054,0.864,0.1199,5.79562e-13,669762,"ieu-b-38","rs117464403","A","G",0.0183,"systolic blood pressure || id:ieu-b-38",TRUE,"reported","igd"
"273","10",115717311,0.5905,0.0782,4.42385e-14,712239,"ieu-b-38","rs60444686","A","G",0.0406,"systolic blood pressure || id:ieu-b-38",TRUE,"reported","igd"
"274","10",124234880,0.236,0.0427,3.16097e-08,716911,"ieu-b-38","rs7093894","A","C",0.1512,"systolic blood pressure || id:ieu-b-38",TRUE,"reported","igd"
"275","10",134459388,0.2975,0.0376,2.52813e-15,709605,"ieu-b-38","rs1133400","G","A",0.214,"systolic blood pressure || id:ieu-b-38",TRUE,"reported","igd"
"276","11",28512458,0.2336,0.0317,1.64816e-13,732193,"ieu-b-38","rs871004","A","G",0.3481,"systolic blood pressure || id:ieu-b-38",TRUE,"reported","igd"
"277","11",48109948,0.2081,0.0325,1.57699e-10,733354,"ieu-b-38","rs2904315","G","A",0.6869,"systolic blood pressure || id:ieu-b-38",TRUE,"reported","igd"
"278","11",99998431,-0.2087,0.038,4.12401e-08,695892,"ieu-b-38","rs67885470","T","C",0.2094,"systolic blood pressure || id:ieu-b-38",TRUE,"reported","igd"
"279","11",100610546,0.655,0.0339,2.54624e-83,727774,"ieu-b-38","rs604723","C","T",0.7244,"systolic blood pressure || id:ieu-b-38",TRUE,"reported","igd"
"280","11",107086143,-0.2603,0.0321,5.71084e-16,733718,"ieu-b-38","rs7926110","G","T",0.3267,"systolic blood pressure || id:ieu-b-38",TRUE,"reported","igd"
"281","11",2114221,0.4404,0.0757,6.07393e-09,652315,"ieu-b-38","rs74048190","C","T",0.0478,"systolic blood pressure || id:ieu-b-38",TRUE,"reported","igd"
"282","11",10679441,-0.1969,0.0318,5.65796e-10,731644,"ieu-b-38","rs1544861","C","T",0.6605,"systolic blood pressure || id:ieu-b-38",TRUE,"reported","igd"
"283","11",45351729,-0.277,0.0411,1.60103e-11,727546,"ieu-b-38","rs11604357","A","C",0.1622,"systolic blood pressure || id:ieu-b-38",TRUE,"reported","igd"
"284","11",47676170,0.4598,0.0301,1.63005e-52,734142,"ieu-b-38","rs7107356","G","A",0.5041,"systolic blood pressure || id:ieu-b-38",TRUE,"reported","igd"
"285","11",65390803,-0.3963,0.0365,1.79391e-27,727512,"ieu-b-38","rs66864335","A","G",0.2211,"systolic blood pressure || id:ieu-b-38",TRUE,"reported","igd"
"286","11",69262916,-0.2162,0.0308,2.1928e-12,711956,"ieu-b-38","rs7395791","A","G",0.4419,"systolic blood pressure || id:ieu-b-38",TRUE,"reported","igd"
"287","11",89224477,-0.308,0.0415,1.13501e-13,700632,"ieu-b-38","rs2289124","A","G",0.1673,"systolic blood pressure || id:ieu-b-38",TRUE,"reported","igd"
"288","11",130469044,0.1754,0.0319,3.74498e-08,733371,"ieu-b-38","rs10750441","T","C",0.6621,"systolic blood pressure || id:ieu-b-38",TRUE,"reported","igd"
"289","11",1888614,0.5764,0.032,2.46718e-72,701947,"ieu-b-38","rs4980379","T","C",0.3719,"systolic blood pressure || id:ieu-b-38",TRUE,"reported","igd"
"290","11",10364963,0.3472,0.0304,2.73905e-30,725953,"ieu-b-38","rs2957688","A","G",0.4707,"systolic blood pressure || id:ieu-b-38",TRUE,"reported","igd"
"291","11",22492454,0.4117,0.0571,5.59887e-13,720428,"ieu-b-38","rs17762","A","G",0.0777,"systolic blood pressure || id:ieu-b-38",TRUE,"reported","igd"
"292","11",27273967,-0.1917,0.0307,4.46601e-10,733295,"ieu-b-38","rs1382472","A","G",0.4041,"systolic blood pressure || id:ieu-b-38",TRUE,"reported","igd"
"293","11",58407740,-0.3296,0.0351,6.55541e-21,734236,"ieu-b-38","rs2276153","G","C",0.243,"systolic blood pressure || id:ieu-b-38",TRUE,"reported","igd"
"294","11",69825414,-0.3967,0.0529,6.4003e-14,711802,"ieu-b-38","rs72931748","G","A",0.0985,"systolic blood pressure || id:ieu-b-38",TRUE,"reported","igd"
"295","11",117074229,0.3193,0.044,3.73766e-13,703974,"ieu-b-38","rs641620","C","T",0.1453,"systolic blood pressure || id:ieu-b-38",TRUE,"reported","igd"
"296","11",117267884,-0.1994,0.0303,4.772e-11,729895,"ieu-b-38","rs573455","G","A",0.539,"systolic blood pressure || id:ieu-b-38",TRUE,"reported","igd"
"297","11",16365282,0.5169,0.0373,1.25893e-43,723871,"ieu-b-38","rs2014408","T","C",0.2087,"systolic blood pressure || id:ieu-b-38",TRUE,"reported","igd"
"298","11",16930289,0.373,0.0442,3.46817e-17,731561,"ieu-b-38","rs177551","A","C",0.1344,"systolic blood pressure || id:ieu-b-38",TRUE,"reported","igd"
"299","11",57448117,0.2622,0.0363,5.08394e-13,726658,"ieu-b-38","rs509564","T","C",0.226,"systolic blood pressure || id:ieu-b-38",TRUE,"reported","igd"
"300","11",67976593,-0.3855,0.0707,4.96604e-08,645748,"ieu-b-38","rs74538877","C","G",0.0557,"systolic blood pressure || id:ieu-b-38",TRUE,"reported","igd"
"301","11",130273230,0.3363,0.0316,1.80302e-26,723415,"ieu-b-38","rs11222084","T","A",0.3621,"systolic blood pressure || id:ieu-b-38",TRUE,"reported","igd"
"302","11",30182068,-0.1936,0.0312,5.77404e-10,735124,"ieu-b-38","rs1340030","C","T",0.3655,"systolic blood pressure || id:ieu-b-38",TRUE,"reported","igd"
"303","11",72088806,0.4122,0.0607,1.10205e-11,717203,"ieu-b-38","rs10501410","A","G",0.0692,"systolic blood pressure || id:ieu-b-38",TRUE,"reported","igd"
"304","12",434755,0.2449,0.0346,1.47911e-12,732650,"ieu-b-38","rs78998485","G","C",0.2557,"systolic blood pressure || id:ieu-b-38",TRUE,"reported","igd"
"305","12",53450097,0.4788,0.0562,1.57906e-17,707769,"ieu-b-38","rs7134440","T","C",0.0822,"systolic blood pressure || id:ieu-b-38",TRUE,"reported","igd"
"306","12",90060586,-0.8446,0.0403,1.24997e-97,738415,"ieu-b-38","rs17249754","A","G",0.1683,"systolic blood pressure || id:ieu-b-38",TRUE,"reported","igd"
"307","12",90349999,-0.1786,0.0299,2.452e-09,742029,"ieu-b-38","rs10777213","A","G",0.5244,"systolic blood pressure || id:ieu-b-38",TRUE,"reported","igd"
"308","12",102837863,0.2233,0.0349,1.525e-10,732162,"ieu-b-38","rs5742643","C","T",0.7513,"systolic blood pressure || id:ieu-b-38",TRUE,"reported","igd"
"309","12",133086888,0.3154,0.0499,2.66397e-10,694701,"ieu-b-38","rs117206641","T","C",0.1108,"systolic blood pressure || id:ieu-b-38",TRUE,"reported","igd"
"310","12",8837407,-0.1835,0.033,2.61999e-08,726746,"ieu-b-38","rs113695818","T","C",0.3032,"systolic blood pressure || id:ieu-b-38",TRUE,"reported","igd"
"311","12",20000315,-0.3571,0.0387,3.01995e-20,741971,"ieu-b-38","rs1010064","C","A",0.1837,"systolic blood pressure || id:ieu-b-38",TRUE,"reported","igd"
"312","12",26457650,0.2643,0.0361,2.44287e-13,738520,"ieu-b-38","rs2129869","T","A",0.2222,"systolic blood pressure || id:ieu-b-38",TRUE,"reported","igd"
"313","12",48210787,0.3427,0.0514,2.67979e-11,703488,"ieu-b-38","rs61917655","T","C",0.1014,"systolic blood pressure || id:ieu-b-38",TRUE,"reported","igd"
"314","12",54441498,-0.3851,0.0332,4.45554e-31,723813,"ieu-b-38","rs7134677","T","C",0.2978,"systolic blood pressure || id:ieu-b-38",TRUE,"reported","igd"
"315","12",79959658,-0.2641,0.0404,6.29651e-11,735080,"ieu-b-38","rs7980644","G","A",0.8334,"systolic blood pressure || id:ieu-b-38",TRUE,"reported","igd"
"316","12",2436837,0.1875,0.0306,9.43604e-10,742091,"ieu-b-38","rs3819532","C","T",0.6087,"systolic blood pressure || id:ieu-b-38",TRUE,"reported","igd"
"317","12",12888438,-0.2642,0.0306,5.87625e-18,727906,"ieu-b-38","rs2024385","A","T",0.424,"systolic blood pressure || id:ieu-b-38",TRUE,"reported","igd"
"318","12",20373541,-0.3962,0.0321,5.52077e-35,725385,"ieu-b-38","rs73075659","G","A",0.3346,"systolic blood pressure || id:ieu-b-38",TRUE,"reported","igd"
"319","12",50573037,-0.3775,0.0309,2.3142e-34,739837,"ieu-b-38","rs12426261","G","A",0.6208,"systolic blood pressure || id:ieu-b-38",TRUE,"reported","igd"
"320","12",67782397,-0.2187,0.0352,5.10399e-10,734127,"ieu-b-38","rs4143175","C","T",0.7591,"systolic blood pressure || id:ieu-b-38",TRUE,"reported","igd"
"321","12",79685226,0.2362,0.0311,2.87276e-14,709837,"ieu-b-38","rs7963801","C","T",0.5779,"systolic blood pressure || id:ieu-b-38",TRUE,"reported","igd"
"322","12",122416254,0.1971,0.0327,1.67699e-09,724799,"ieu-b-38","rs1169078","G","C",0.3121,"systolic blood pressure || id:ieu-b-38",TRUE,"reported","igd"
"323","12",50080878,-0.2785,0.051,4.76903e-08,734507,"ieu-b-38","rs11834380","A","C",0.0968,"systolic blood pressure || id:ieu-b-38",TRUE,"reported","igd"
"324","12",115920472,0.2897,0.0309,6.6115e-21,739953,"ieu-b-38","rs6490019","G","A",0.6204,"systolic blood pressure || id:ieu-b-38",TRUE,"reported","igd"
"325","12",66376091,0.2429,0.0303,1.02494e-15,725756,"ieu-b-38","rs7306710","C","T",0.519,"systolic blood pressure || id:ieu-b-38",TRUE,"reported","igd"
"326","12",111865049,-0.585,0.0306,1.31795e-81,713788,"ieu-b-38","rs7310615","G","C",0.5184,"systolic blood pressure || id:ieu-b-38",TRUE,"reported","igd"
"327","12",115342956,-0.2797,0.0371,4.40453e-14,685351,"ieu-b-38","rs1896326","A","G",0.2291,"systolic blood pressure || id:ieu-b-38",TRUE,"reported","igd"
"328","12",115552437,-0.4368,0.031,3.46737e-45,730213,"ieu-b-38","rs35444","G","A",0.3862,"systolic blood pressure || id:ieu-b-38",TRUE,"reported","igd"
"329","13",73131694,0.1899,0.0312,1.15199e-09,729982,"ieu-b-38","rs17245822","C","A",0.3733,"systolic blood pressure || id:ieu-b-38",TRUE,"reported","igd"
"330","13",115000650,0.4101,0.0423,3.35197e-22,735814,"ieu-b-38","rs7331680","T","G",0.1491,"systolic blood pressure || id:ieu-b-38",TRUE,"reported","igd"
"331","13",56398286,0.2659,0.0418,1.945e-10,737566,"ieu-b-38","rs75961402","A","G",0.1534,"systolic blood pressure || id:ieu-b-38",TRUE,"reported","igd"
"332","13",22294117,0.2709,0.0313,5.09331e-18,723059,"ieu-b-38","rs483071","T","C",0.6248,"systolic blood pressure || id:ieu-b-38",TRUE,"reported","igd"
"333","13",27951090,-0.3208,0.0542,3.23303e-09,665132,"ieu-b-38","rs9507885","T","C",0.0953,"systolic blood pressure || id:ieu-b-38",TRUE,"reported","igd"
"334","13",30146201,-0.3557,0.0353,6.34308e-24,729441,"ieu-b-38","rs9508495","T","C",0.7565,"systolic blood pressure || id:ieu-b-38",TRUE,"reported","igd"
"335","13",41967193,0.2968,0.0406,2.48428e-13,726743,"ieu-b-38","rs4274337","G","A",0.8303,"systolic blood pressure || id:ieu-b-38",TRUE,"reported","igd"
"336","13",47180671,0.2163,0.0362,2.37498e-09,731717,"ieu-b-38","rs7491248","A","G",0.2239,"systolic blood pressure || id:ieu-b-38",TRUE,"reported","igd"
"337","13",51489186,-0.2039,0.0323,2.76802e-10,732548,"ieu-b-38","rs9526707","A","G",0.3216,"systolic blood pressure || id:ieu-b-38",TRUE,"reported","igd"
"338","13",73826901,0.4699,0.0734,1.51199e-10,732321,"ieu-b-38","rs78474310","G","A",0.0448,"systolic blood pressure || id:ieu-b-38",TRUE,"reported","igd"
"339","13",74223828,-0.178,0.0304,4.95496e-09,725721,"ieu-b-38","rs6562778","G","A",0.5411,"systolic blood pressure || id:ieu-b-38",TRUE,"reported","igd"
"340","13",113652369,0.2846,0.05,1.24899e-08,653936,"ieu-b-38","rs9549627","A","G",0.1175,"systolic blood pressure || id:ieu-b-38",TRUE,"reported","igd"
"341","14",23861811,-0.225,0.0312,5.95251e-13,736333,"ieu-b-38","rs365990","G","A",0.3658,"systolic blood pressure || id:ieu-b-38",TRUE,"reported","igd"
"342","14",69260028,0.2317,0.0374,5.626e-10,731830,"ieu-b-38","rs57786342","A","G",0.2059,"systolic blood pressure || id:ieu-b-38",TRUE,"reported","igd"
"343","14",98590629,0.253,0.0309,2.72082e-16,738875,"ieu-b-38","rs7154723","A","G",0.385,"systolic blood pressure || id:ieu-b-38",TRUE,"reported","igd"
"344","14",35871217,0.3061,0.0314,1.71317e-22,728260,"ieu-b-38","rs8904","A","G",0.3678,"systolic blood pressure || id:ieu-b-38",TRUE,"reported","igd"
"345","14",50735947,-0.9587,0.1101,3.08035e-18,680316,"ieu-b-38","rs72683923","C","T",0.0212,"systolic blood pressure || id:ieu-b-38",TRUE,"reported","igd"
"346","14",73422259,0.285,0.05,1.20801e-08,736840,"ieu-b-38","rs3815460","G","C",0.1024,"systolic blood pressure || id:ieu-b-38",TRUE,"reported","igd"
"347","14",39400917,0.189,0.0316,2.30802e-09,735981,"ieu-b-38","rs7493678","T","A",0.3486,"systolic blood pressure || id:ieu-b-38",TRUE,"reported","igd"
"348","14",53420358,0.3002,0.0328,5.25049e-20,732631,"ieu-b-38","rs35413927","G","A",0.3054,"systolic blood pressure || id:ieu-b-38",TRUE,"reported","igd"
"349","14",68032235,-0.2382,0.0428,2.69998e-08,727286,"ieu-b-38","rs12883810","T","C",0.1462,"systolic blood pressure || id:ieu-b-38",TRUE,"reported","igd"
"350","14",75074316,0.1978,0.0303,6.79204e-11,727182,"ieu-b-38","rs11159091","A","G",0.4615,"systolic blood pressure || id:ieu-b-38",TRUE,"reported","igd"
"351","14",100197940,-0.2513,0.0439,1.04701e-08,713861,"ieu-b-38","rs75016974","T","C",0.1423,"systolic blood pressure || id:ieu-b-38",TRUE,"reported","igd"
"352","14",104007555,0.2291,0.0367,4.32305e-10,691270,"ieu-b-38","rs12885878","G","A",0.7663,"systolic blood pressure || id:ieu-b-38",TRUE,"reported","igd"
"353","14",71451265,-0.1755,0.0319,3.59898e-08,726608,"ieu-b-38","rs8003103","A","G",0.3447,"systolic blood pressure || id:ieu-b-38",TRUE,"reported","igd"
"354","14",100133250,0.1967,0.0306,1.34899e-10,730042,"ieu-b-38","rs17562391","T","C",0.4186,"systolic blood pressure || id:ieu-b-38",TRUE,"reported","igd"
"355","15",63406170,-0.2516,0.0353,1.02707e-12,727494,"ieu-b-38","rs2652812","T","C",0.7544,"systolic blood pressure || id:ieu-b-38",TRUE,"reported","igd"
"356","15",75114322,-0.5313,0.0328,4.22377e-59,718923,"ieu-b-38","rs11636952","C","T",0.6859,"systolic blood pressure || id:ieu-b-38",TRUE,"reported","igd"
"357","15",86064327,-0.2513,0.0391,1.23299e-10,739162,"ieu-b-38","rs1994158","G","A",0.1807,"systolic blood pressure || id:ieu-b-38",TRUE,"reported","igd"
"358","15",90023558,-0.2721,0.0443,8.42694e-10,719485,"ieu-b-38","rs17807723","A","G",0.138,"systolic blood pressure || id:ieu-b-38",TRUE,"reported","igd"
"359","15",91429287,0.635,0.0328,2.49e-83,710104,"ieu-b-38","rs4932373","C","A",0.3258,"systolic blood pressure || id:ieu-b-38",TRUE,"reported","igd"
"360","15",95312071,0.2653,0.0325,3.27718e-16,722993,"ieu-b-38","rs12906962","C","T",0.324,"systolic blood pressure || id:ieu-b-38",TRUE,"reported","igd"
"361","15",40314967,0.1764,0.031,1.21199e-08,727910,"ieu-b-38","rs8030856","G","C",0.3953,"systolic blood pressure || id:ieu-b-38",TRUE,"reported","igd"
"362","15",96785017,0.2258,0.0339,2.54273e-11,735529,"ieu-b-38","rs2589218","C","T",0.2703,"systolic blood pressure || id:ieu-b-38",TRUE,"reported","igd"
"363","15",100087596,-0.3196,0.0523,9.71091e-10,673766,"ieu-b-38","rs4606697","A","G",0.1041,"systolic blood pressure || id:ieu-b-38",TRUE,"reported","igd"
"364","15",41442195,0.2762,0.0302,5.45255e-20,735999,"ieu-b-38","rs28866311","G","T",0.4737,"systolic blood pressure || id:ieu-b-38",TRUE,"reported","igd"
"365","15",66931617,0.215,0.0325,3.88776e-11,708637,"ieu-b-38","rs28429256","A","G",0.3342,"systolic blood pressure || id:ieu-b-38",TRUE,"reported","igd"
"366","15",81006712,0.3208,0.0303,3.55222e-26,732086,"ieu-b-38","rs2627313","T","C",0.4454,"systolic blood pressure || id:ieu-b-38",TRUE,"reported","igd"
"367","15",48939888,0.4162,0.0517,7.75711e-16,734063,"ieu-b-38","rs4775769","G","T",0.9055,"systolic blood pressure || id:ieu-b-38",TRUE,"reported","igd"
"368","15",50810621,-0.2422,0.0303,1.41091e-15,726862,"ieu-b-38","rs3098186","T","C",0.5156,"systolic blood pressure || id:ieu-b-38",TRUE,"reported","igd"
"369","16",51704452,0.2015,0.0307,4.9272e-11,709874,"ieu-b-38","rs4784541","C","T",0.5252,"systolic blood pressure || id:ieu-b-38",TRUE,"reported","igd"
"370","16",87984477,-0.2016,0.0322,3.92898e-10,724392,"ieu-b-38","rs6540119","T","A",0.666,"systolic blood pressure || id:ieu-b-38",TRUE,"reported","igd"
"371","16",4932929,0.299,0.0302,4.58987e-23,741366,"ieu-b-38","rs1049212","G","A",0.5693,"systolic blood pressure || id:ieu-b-38",TRUE,"reported","igd"
"372","16",60635748,-0.1967,0.0356,3.19801e-08,739228,"ieu-b-38","rs35098810","C","A",0.2317,"systolic blood pressure || id:ieu-b-38",TRUE,"reported","igd"
"373","16",66781040,0.4824,0.0778,5.63806e-10,715780,"ieu-b-38","rs146550789","C","T",0.0417,"systolic blood pressure || id:ieu-b-38",TRUE,"reported","igd"
"374","16",2065666,0.4278,0.0547,5.01072e-15,695487,"ieu-b-38","rs12596630","T","C",0.0903,"systolic blood pressure || id:ieu-b-38",TRUE,"reported","igd"
"375","16",4138378,-0.3106,0.0481,1.07701e-10,732337,"ieu-b-38","rs2283500","C","A",0.1102,"systolic blood pressure || id:ieu-b-38",TRUE,"reported","igd"
"376","16",70729954,0.5115,0.0686,9.29394e-14,618581,"ieu-b-38","rs62047964","T","C",0.0622,"systolic blood pressure || id:ieu-b-38",TRUE,"reported","igd"
"377","16",74171973,0.192,0.0302,1.94998e-10,733619,"ieu-b-38","rs1012089","G","C",0.5248,"systolic blood pressure || id:ieu-b-38",TRUE,"reported","igd"
"378","16",86436343,0.1851,0.0308,1.82398e-09,706996,"ieu-b-38","rs3950627","A","C",0.531,"systolic blood pressure || id:ieu-b-38",TRUE,"reported","igd"
"379","16",89697625,-0.2261,0.0315,7.1351e-13,687389,"ieu-b-38","rs908951","T","C",0.4378,"systolic blood pressure || id:ieu-b-38",TRUE,"reported","igd"
"380","16",1347717,-0.1943,0.0309,3.26002e-10,726309,"ieu-b-38","rs11641374","A","C",0.5995,"systolic blood pressure || id:ieu-b-38",TRUE,"reported","igd"
"381","16",21088031,-0.2315,0.0302,1.88191e-14,740616,"ieu-b-38","rs7186298","T","C",0.4295,"systolic blood pressure || id:ieu-b-38",TRUE,"reported","igd"
"382","16",75432824,0.3653,0.0307,1.41514e-32,728111,"ieu-b-38","rs4888408","A","G",0.5855,"systolic blood pressure || id:ieu-b-38",TRUE,"reported","igd"
"383","16",81510155,-0.2548,0.0324,3.4261e-15,733083,"ieu-b-38","rs12926550","A","G",0.3156,"systolic blood pressure || id:ieu-b-38",TRUE,"reported","igd"
"384","16",11945778,-0.1824,0.0313,5.99405e-09,727745,"ieu-b-38","rs7198817","A","C",0.6323,"systolic blood pressure || id:ieu-b-38",TRUE,"reported","igd"
"385","16",20392332,-0.4081,0.039,1.12305e-25,696416,"ieu-b-38","rs77924615","A","G",0.1986,"systolic blood pressure || id:ieu-b-38",TRUE,"reported","igd"
"386","16",24811207,-0.2138,0.0331,1.068e-10,740471,"ieu-b-38","rs8044992","C","T",0.2877,"systolic blood pressure || id:ieu-b-38",TRUE,"reported","igd"
"387","16",50550137,-0.3225,0.0425,3.2337e-14,728958,"ieu-b-38","rs34941092","A","G",0.1498,"systolic blood pressure || id:ieu-b-38",TRUE,"reported","igd"
"388","16",86170044,-0.1665,0.0302,3.41099e-08,736175,"ieu-b-38","rs8054587","C","T",0.4728,"systolic blood pressure || id:ieu-b-38",TRUE,"reported","igd"
"389","17",7815712,-0.4688,0.0559,4.89892e-17,677047,"ieu-b-38","rs79930761","T","C",0.0872,"systolic blood pressure || id:ieu-b-38",TRUE,"reported","igd"
"390","17",76799898,-0.2242,0.0302,1.03395e-13,740373,"ieu-b-38","rs9302885","G","A",0.5548,"systolic blood pressure || id:ieu-b-38",TRUE,"reported","igd"
"391","17",1371473,0.2101,0.0325,1.02601e-10,704895,"ieu-b-38","rs8079811","G","C",0.6521,"systolic blood pressure || id:ieu-b-38",TRUE,"reported","igd"
"392","17",18185510,0.2174,0.0305,9.65606e-13,734204,"ieu-b-38","rs4925159","A","G",0.4246,"systolic blood pressure || id:ieu-b-38",TRUE,"reported","igd"
"393","17",30777924,-0.2011,0.0316,1.865e-10,701317,"ieu-b-38","rs9899540","T","A",0.6001,"systolic blood pressure || id:ieu-b-38",TRUE,"reported","igd"
"394","17",43155914,-0.4,0.0315,6.24022e-37,744376,"ieu-b-38","rs7213273","A","G",0.655,"systolic blood pressure || id:ieu-b-38",TRUE,"reported","igd"
"395","17",45013271,0.6903,0.0433,2.47913e-57,722845,"ieu-b-38","rs17608766","C","T",0.1445,"systolic blood pressure || id:ieu-b-38",TRUE,"reported","igd"
"396","17",61090958,-0.2363,0.0377,3.78504e-10,735332,"ieu-b-38","rs62076622","G","A",0.1987,"systolic blood pressure || id:ieu-b-38",TRUE,"reported","igd"
"397","17",7455536,-0.2881,0.0318,1.27909e-19,728124,"ieu-b-38","rs4511593","T","C",0.6528,"systolic blood pressure || id:ieu-b-38",TRUE,"reported","igd"
"398","17",30032420,0.2098,0.0356,3.88597e-09,733847,"ieu-b-38","rs1551355","T","C",0.2334,"systolic blood pressure || id:ieu-b-38",TRUE,"reported","igd"
"399","17",47518378,0.2645,0.0319,1.18905e-16,661212,"ieu-b-38","rs9897429","A","G",0.52,"systolic blood pressure || id:ieu-b-38",TRUE,"reported","igd"
"400","17",59475642,0.4138,0.0346,6.5013e-33,709744,"ieu-b-38","rs1000423","T","C",0.7316,"systolic blood pressure || id:ieu-b-38",TRUE,"reported","igd"
"401","17",60767135,0.2178,0.031,2.01094e-12,717104,"ieu-b-38","rs56288724","G","A",0.4169,"systolic blood pressure || id:ieu-b-38",TRUE,"reported","igd"
"402","17",46123932,-0.3748,0.0445,3.68893e-17,723027,"ieu-b-38","rs3764400","C","T",0.1365,"systolic blood pressure || id:ieu-b-38",TRUE,"reported","igd"
"403","17",79365861,-0.2033,0.0333,1.086e-09,659504,"ieu-b-38","rs11655604","T","C",0.3579,"systolic blood pressure || id:ieu-b-38",TRUE,"reported","igd"
"404","17",2001604,0.3626,0.0509,1.0539e-12,729265,"ieu-b-38","rs2760748","A","T",0.0981,"systolic blood pressure || id:ieu-b-38",TRUE,"reported","igd"
"405","17",7171356,0.3249,0.0307,3.80277e-26,714638,"ieu-b-38","rs113086489","T","C",0.5525,"systolic blood pressure || id:ieu-b-38",TRUE,"reported","igd"
"406","17",19922364,0.1779,0.0304,4.61201e-09,725001,"ieu-b-38","rs7211535","G","A",0.5236,"systolic blood pressure || id:ieu-b-38",TRUE,"reported","igd"
"407","17",62381714,0.2982,0.0312,1.24796e-21,706663,"ieu-b-38","rs6504213","C","T",0.5818,"systolic blood pressure || id:ieu-b-38",TRUE,"reported","igd"
"408","17",75316880,-0.3119,0.0315,4.72716e-23,723225,"ieu-b-38","rs1436138","G","A",0.3633,"systolic blood pressure || id:ieu-b-38",TRUE,"reported","igd"
"409","18",777282,-0.3531,0.0393,2.46888e-19,727865,"ieu-b-38","rs34413141","A","T",0.1822,"systolic blood pressure || id:ieu-b-38",TRUE,"reported","igd"
"410","18",54578482,-0.2607,0.0317,1.90722e-16,716128,"ieu-b-38","rs10048404","T","C",0.3701,"systolic blood pressure || id:ieu-b-38",TRUE,"reported","igd"
"411","18",42179819,0.3603,0.034,2.78099e-26,735633,"ieu-b-38","rs56407827","T","C",0.2687,"systolic blood pressure || id:ieu-b-38",TRUE,"reported","igd"
"412","18",43097750,0.3431,0.0388,8.51138e-19,737386,"ieu-b-38","rs7236548","A","C",0.1848,"systolic blood pressure || id:ieu-b-38",TRUE,"reported","igd"
"413","18",51842682,-0.1909,0.0334,1.15199e-08,741308,"ieu-b-38","rs665445","A","C",0.2794,"systolic blood pressure || id:ieu-b-38",TRUE,"reported","igd"
"414","18",22676071,-0.1884,0.0345,4.689e-08,704845,"ieu-b-38","rs62082230","A","T",0.2773,"systolic blood pressure || id:ieu-b-38",TRUE,"reported","igd"
"415","18",42596789,0.2856,0.0328,3.22478e-18,741724,"ieu-b-38","rs11874246","T","C",0.2963,"systolic blood pressure || id:ieu-b-38",TRUE,"reported","igd"
"416","18",48132646,-0.2189,0.0357,8.57294e-10,726972,"ieu-b-38","rs1437649","A","G",0.2345,"systolic blood pressure || id:ieu-b-38",TRUE,"reported","igd"
"417","18",73034151,-0.2141,0.0301,1.11995e-12,735252,"ieu-b-38","rs10460108","G","A",0.5199,"systolic blood pressure || id:ieu-b-38",TRUE,"reported","igd"
"418","18",24546824,0.2031,0.0306,3.27416e-11,743950,"ieu-b-38","rs1154214","G","T",0.6037,"systolic blood pressure || id:ieu-b-38",TRUE,"reported","igd"
"419","19",2165383,0.7807,0.078,1.35613e-23,703114,"ieu-b-38","rs141958336","A","G",0.043,"systolic blood pressure || id:ieu-b-38",TRUE,"reported","igd"
"420","19",18455444,-0.22,0.0345,1.793e-10,725435,"ieu-b-38","rs34518929","A","G",0.2623,"systolic blood pressure || id:ieu-b-38",TRUE,"reported","igd"
"421","19",30350005,-0.3395,0.0619,4.14295e-08,724178,"ieu-b-38","rs60138042","G","C",0.0645,"systolic blood pressure || id:ieu-b-38",TRUE,"reported","igd"
"422","19",32591878,-0.228,0.0326,2.65522e-12,734738,"ieu-b-38","rs1433121","T","C",0.6906,"systolic blood pressure || id:ieu-b-38",TRUE,"reported","igd"
"423","19",46180184,0.2212,0.0381,6.31902e-09,723793,"ieu-b-38","rs11672660","T","C",0.1996,"systolic blood pressure || id:ieu-b-38",TRUE,"reported","igd"
"424","19",5006598,-0.2315,0.032,4.40656e-13,725098,"ieu-b-38","rs12610654","G","A",0.3436,"systolic blood pressure || id:ieu-b-38",TRUE,"reported","igd"
"425","19",7257990,-0.845,0.049,1.228e-66,659116,"ieu-b-38","rs12978472","G","C",0.1241,"systolic blood pressure || id:ieu-b-38",TRUE,"reported","igd"
"426","19",11508177,0.3708,0.0505,2.16521e-13,719764,"ieu-b-38","rs2291516","A","G",0.103,"systolic blood pressure || id:ieu-b-38",TRUE,"reported","igd"
"427","19",45298461,-0.4921,0.0887,2.85601e-08,669104,"ieu-b-38","rs10420519","T","G",0.0347,"systolic blood pressure || id:ieu-b-38",TRUE,"reported","igd"
"428","19",49207554,0.228,0.0304,6.7655e-14,727109,"ieu-b-38","rs571689","T","C",0.5196,"systolic blood pressure || id:ieu-b-38",TRUE,"reported","igd"
"429","19",10350649,-0.2334,0.0398,4.58701e-09,718262,"ieu-b-38","rs8113613","T","C",0.1813,"systolic blood pressure || id:ieu-b-38",TRUE,"reported","igd"
"430","19",22111366,0.2012,0.0334,1.78698e-09,734717,"ieu-b-38","rs1848994","A","G",0.2828,"systolic blood pressure || id:ieu-b-38",TRUE,"reported","igd"
"431","19",31867447,0.2733,0.0308,6.34016e-19,733594,"ieu-b-38","rs28572357","C","A",0.3977,"systolic blood pressure || id:ieu-b-38",TRUE,"reported","igd"
"432","19",45766729,0.2306,0.0345,2.44118e-11,735502,"ieu-b-38","rs7255933","A","G",0.2574,"systolic blood pressure || id:ieu-b-38",TRUE,"reported","igd"
"433","19",49605705,-0.3554,0.0426,7.23436e-17,699102,"ieu-b-38","rs73046792","A","G",0.1588,"systolic blood pressure || id:ieu-b-38",TRUE,"reported","igd"
"434","20",10967214,0.4274,0.03,5.38146e-46,742572,"ieu-b-38","rs6108787","G","T",0.4704,"systolic blood pressure || id:ieu-b-38",TRUE,"reported","igd"
"435","20",51788718,0.1876,0.0324,7.36902e-09,728105,"ieu-b-38","rs2801008","G","T",0.3183,"systolic blood pressure || id:ieu-b-38",TRUE,"reported","igd"
"436","20",6327810,0.2094,0.0306,8.22811e-12,743537,"ieu-b-38","rs6054139","A","G",0.606,"systolic blood pressure || id:ieu-b-38",TRUE,"reported","igd"
"437","20",10693337,-0.3011,0.0302,1.76685e-23,739037,"ieu-b-38","rs2423514","G","A",0.4589,"systolic blood pressure || id:ieu-b-38",TRUE,"reported","igd"
"438","20",11168669,-0.1849,0.0304,1.19501e-09,735632,"ieu-b-38","rs6078093","A","G",0.428,"systolic blood pressure || id:ieu-b-38",TRUE,"reported","igd"
"439","20",17883531,0.1761,0.0301,4.84295e-09,738885,"ieu-b-38","rs8125763","A","C",0.4717,"systolic blood pressure || id:ieu-b-38",TRUE,"reported","igd"
"440","20",30139886,-0.2832,0.0417,1.14393e-11,731414,"ieu-b-38","rs6058088","G","T",0.1561,"systolic blood pressure || id:ieu-b-38",TRUE,"reported","igd"
"441","20",40266681,-0.2712,0.033,1.88408e-16,705685,"ieu-b-38","rs6029756","A","G",0.3225,"systolic blood pressure || id:ieu-b-38",TRUE,"reported","igd"
"442","20",47241618,-0.168,0.0303,2.86999e-08,733448,"ieu-b-38","rs2598","G","A",0.467,"systolic blood pressure || id:ieu-b-38",TRUE,"reported","igd"
"443","20",47410231,-0.3854,0.0425,1.28588e-19,738551,"ieu-b-38","rs6090907","A","G",0.147,"systolic blood pressure || id:ieu-b-38",TRUE,"reported","igd"
"444","20",57463472,0.185,0.0316,4.59399e-09,712005,"ieu-b-38","rs6026578","G","C",0.6269,"systolic blood pressure || id:ieu-b-38",TRUE,"reported","igd"
"445","20",31214944,0.3179,0.0428,1.07696e-13,715824,"ieu-b-38","rs79384779","T","C",0.1512,"systolic blood pressure || id:ieu-b-38",TRUE,"reported","igd"
"446","20",57742388,0.7131,0.0461,6.99842e-54,730857,"ieu-b-38","rs6026744","T","A",0.1229,"systolic blood pressure || id:ieu-b-38",TRUE,"reported","igd"
"447","20",19007099,-0.3613,0.0525,5.64547e-12,706121,"ieu-b-38","rs17812022","T","C",0.0958,"systolic blood pressure || id:ieu-b-38",TRUE,"reported","igd"
"448","20",42795152,0.2617,0.0304,7.04855e-18,726141,"ieu-b-38","rs6031431","G","A",0.4624,"systolic blood pressure || id:ieu-b-38",TRUE,"reported","igd"
"449","20",62446351,-0.3294,0.0363,1.18413e-19,704153,"ieu-b-38","rs6062324","A","G",0.2364,"systolic blood pressure || id:ieu-b-38",TRUE,"reported","igd"
"450","21",33814378,0.2177,0.0338,1.217e-10,728749,"ieu-b-38","rs2833834","A","C",0.2765,"systolic blood pressure || id:ieu-b-38",TRUE,"reported","igd"
"451","21",44760603,0.3498,0.0341,1.024e-24,707619,"ieu-b-38","rs12627651","A","G",0.2872,"systolic blood pressure || id:ieu-b-38",TRUE,"reported","igd"
"452","21",16317933,0.1851,0.0309,2.146e-09,719934,"ieu-b-38","rs2776037","C","T",0.5849,"systolic blood pressure || id:ieu-b-38",TRUE,"reported","igd"
"453","21",16556367,0.2443,0.0326,6.68652e-14,736089,"ieu-b-38","rs1882961","T","C",0.3087,"systolic blood pressure || id:ieu-b-38",TRUE,"reported","igd"
"454","21",44838330,-0.8819,0.1244,1.3499e-12,632929,"ieu-b-38","rs34487963","A","C",0.0185,"systolic blood pressure || id:ieu-b-38",TRUE,"reported","igd"
"455","21",44966069,0.1876,0.0304,6.62796e-10,738199,"ieu-b-38","rs7278003","C","T",0.5622,"systolic blood pressure || id:ieu-b-38",TRUE,"reported","igd"
"456","22",30588910,0.5577,0.1004,2.77402e-08,708664,"ieu-b-38","rs112854918","G","C",0.0255,"systolic blood pressure || id:ieu-b-38",TRUE,"reported","igd"
"457","22",19976406,0.2552,0.0332,1.45111e-14,736068,"ieu-b-38","rs2238787","A","G",0.292,"systolic blood pressure || id:ieu-b-38",TRUE,"reported","igd"
"458","22",50727921,-0.2066,0.0327,2.52802e-10,666583,"ieu-b-38","rs28578714","C","T",0.3938,"systolic blood pressure || id:ieu-b-38",TRUE,"reported","igd"
"459","22",29453193,-0.2292,0.0303,3.81417e-14,740590,"ieu-b-38","rs12321","C","G",0.4328,"systolic blood pressure || id:ieu-b-38",TRUE,"reported","igd"
"460","22",32001037,0.1676,0.03,2.19498e-08,744681,"ieu-b-38","rs8142376","T","C",0.491,"systolic blood pressure || id:ieu-b-38",TRUE,"reported","igd"
"461","22",50228044,-0.3252,0.0562,7.39095e-09,720169,"ieu-b-38","rs148140538","T","C",0.0808,"systolic blood pressure || id:ieu-b-38",TRUE,"reported","igd"
